Estación;Provincia;Temperatura máxima (ºC);Temperatura mínima (ºC);Temperatura media (ºC);Racha (km/h);Velocidad máxima (km/h);Precipitación 00-24h (mm);Precipitación 00-06h (mm);Precipitación 06-12h (mm);Precipitación 12-18h (mm);Precipitación 18-24h (mm)
Estaca de Bares;A Coruña;11.3 (15:30);8.5 (06:30);9,9;66 (04:30);48 (04:30);0;0;0;0;0
As Pontes;A Coruña;12.8 (14:50);-1.0 (07:50);5,9;;;0;0;0;0;0
A Coruña;A Coruña;16.4 (14:40);6.7 (09:00);11,5;23 (04:10);18 (06:10);0;0;0;0;0
A Coruña Aeropuerto;A Coruña;15.3 (15:30);0.0 (06:50);7,7;22 (23:10);14 (06:40);0;0;0;0;0
Carballo, Depuradora;A Coruña;17.9 (15:10);-2.4 (09:00);7,7;;;0;0;0;0;0
Cabo Vilan;A Coruña;16.6 (13:00);8.9 (08:30);12,8;23 (08:30);16 (09:00);0;0;0;0;0
Vimianzo;A Coruña;17.0 (14:40);3.5 (09:30);10,3;;;0;0;0;0;0
Fisterra;A Coruña;17.7 (14:40);11.7 (23:59);14,7;32 (21:00);23 (21:10);0;0;0;0;0
Mazaricos;A Coruña;14.6 (16:20);2.0 (10:20);8,3;;;0;0;0;0;0
Sobrado;A Coruña;19.7 (16:20);-2.1 (09:00);8,8;;;0;0;0;0;0
Santiago de Compostela Aeropuerto;A Coruña;16.6 (14:50);2.3 (02:50);9,5;15 (16:40);12 (17:00);0;0;0;0;0
Noia;A Coruña;15.2 (13:40);5.7 (09:20);10,4;15 (01:10);7 (00:50);0;0;0;0;0
Boiro;A Coruña;18.1 (16:30);0.5 (08:40);9,3;;;0;0;0;0;0
Padrón;A Coruña;14.0 (16:10);-0.8 (09:00);6,6;32 (09:10);26 (04:00);0;0;0;0;0
Santiago de Compostela;A Coruña;17.5 (16:10);2.2 (08:50);9,9;18 (09:30);9 (10:00);0;0;0;0;0
Rois, Casas do Porto;A Coruña;15.9 (16:10);4.3 (07:40);10,1;;;0;0;0;0;0
Ossa de Montiel;Albacete;19.7 (15:10);-0.4 (06:50);9,7;13 (12:30);8 (12:50);0;0;0;0;0
Villarrobledo;Albacete;16.0 (16:30);-2.4 (07:30);6,8;17 (12:00);12 (14:00);0;0;0;0;0
Munera;Albacete;16.5 (15:30);-5.0 (06:20);5,8;15 (12:50);7 (13:50);0;0;0;0;0
Yeste, Embalse Fuensanta;Albacete;16.7 (15:50);-2.5 (08:30);7,1;;;0;0;0;0;0
Nerpio;Albacete;13.6 (14:00);-4.0 (01:10);4,8;;;0;0;0;0;0
Yeste;Albacete;15.8 (15:40);0.5 (04:50);8,2;;;0;0;0;0;0
Hellín;Albacete;17.2 (15:10);2.2 (08:10);9,7;22 (00:50);13 (09:30);0;0;0;0;0
Tobarra;Albacete;17.4 (15:20);-0.2 (08:00);8,6;;;0;0;0;0;0
Albacete Base Aérea;Albacete;16.5 (16:50);-5.3 (08:10);5,6;;;0;0;0;0;0
Chinchilla;Albacete;;;;;;;;;;
Albacete;Albacete;17.3 (16:30);-3.0 (09:00);7,1;9 (21:20);4 (21:20);0;0;0;0;0
Alcalá del Júcar;Albacete;14.3 (17:00);-3.4 (08:40);5,5;15 (15:40);7 (15:50);0;0;0;0;0
Almansa;Albacete;17.4 (15:40);-4.6 (07:50);6,4;13 (16:10);6 (15:40);0;0;0;0;0
Orihuela;Alacant/Alicante;17.0 (15:50);2.0 (06:10);9,5;18 (10:40);11 (12:20);0;0;0;0;0
Pinoso;Alacant/Alicante;15.8 (15:50);-4.6 (08:00);5,6;14 (16:10);8 (16:30);0;0;0;0;0
Rojales;Alacant/Alicante;18.5 (15:30);3.6 (07:20);11;19 (11:40);13 (12:20);0;0;0;0;0
Villena;Alacant/Alicante;18.4 (16:00);-5.0 (07:20);6,7;14 (10:40);10 (17:30);0;0;0;0;0
Novelda;Alacant/Alicante;19.8 (14:00);4.7 (05:40);12,2;;;0;0;0;0;0
Elche/Elx;Alacant/Alicante;20.6 (15:20);5.1 (23:00);12,9;;;0;0;0;0;0
Alicante-Elche Aeropuerto;Alacant/Alicante;20.0 (14:00);5.6 (04:10);12,8;18 (01:00);14 (01:10);0;0;0;0;0
Alicante/Alacant;Alacant/Alicante;20.6 (14:50);4.7 (04:00);12,7;15 (16:40);9 (13:50);0;0;0;0;0
Benidorm;Alacant/Alicante;19.1 (14:20);5.5 (01:50);12,3;14 (15:40);9 (13:20);0;0;0;0;0
Jávea/ Xàbia;Alacant/Alicante;21.1 (13:50);2.5 (06:40);11,8;19 (12:20);12 (04:00);0;0;0;0;0
Pego;Alacant/Alicante;20.0 (14:50);8.0 (07:20);14;19 (04:30);13 (04:30);0;0;0;0;0
Alcoy/Alcoi;Alacant/Alicante;17.3 (16:30);3.5 (07:50);10,4;23 (21:30);15 (21:40);0;0;0;0;0
Vélez Blanco - Topares;Almería;14.1 (16:20);0.9 (01:00);7,5;;;0;0;0;0;0
Adra;Almería;17.0 (16:20);10.7 (07:00);13,8;20 (09:30);8 (12:20);0;0;0;0;0
El Ejido;Almería;;;;;;;;;;
Roquetas de Mar;Almería;17.0 (14:20);5.8 (23:59);11,4;;;;;;;
Abla;Almería;17.8 (11:50);1.8 (04:40);9,8;30 (10:40);13 (10:40);0;0;0;0;0
Láujar de Andarax;Almería;14.6 (15:50);3.4 (00:20);9;26 (05:20);10 (14:30);0;0;0;0;0
Almería Aeropuerto;Almería;17.9 (12:10);8.3 (06:30);13,1;35 (03:50);23 (03:50);0;0;0;0;0
Cabo de Gata;Almería;16.2 (12:40);12.8 (06:30);14,5;32 (11:40);23 (13:40);0;0;0;0;0
Garrucha, Puerto;Almería;17.7 (12:40);6.3 (08:20);12;24 (02:30);20 (08:50);0;0;0;0;0
Albox;Almería;19.2 (15:40);4.4 (04:30);11,8;17 (22:50);14 (22:40);0;0;0;0;0
Huércal-Overa;Almería;21.1 (13:20);1.4 (06:00);11,3;16 (15:30);10 (15:30);0;0;0;0;0
Aramaio;Araba/Álava;11.9 (15:00);1.5 (04:30);6,7;;;0;0;0;0;0
Amurrio;Araba/Álava;11.9 (16:10);-2.8 (08:50);4,5;10 (16:30);6 (16:20);0;0;0;0;0
Lalastra;Araba/Álava;15.5 (15:20);-0.5 (05:40);7,5;24 (17:50);9 (17:50);0;0;0;0;0
Agurain/Salvatierra;Araba/Álava;12.5 (16:10);-0.4 (06:50);6;15 (21:40);12 (21:40);0;0;0;0;0
Vitoria Gasteiz Aeropuerto;Araba/Álava;14.2 (16:30);-4.6 (07:40);4,8;26 (17:30);16 (17:30);0;0;0;0;0
Labastida;Araba/Álava;16.6 (14:30);0.7 (05:20);8,7;27 (17:00);16 (17:00);0;0;0;0;0
Leza;Araba/Álava;15.5 (16:30);-1.8 (07:50);6,9;;;0;0;0;0;0
Campezo/Kanpezu;Araba/Álava;17.2 (15:30);2.6 (05:20);9,9;;;0;0;0;0;0
Cabrales;Asturias;14.6 (14:10);3.2 (00:00);8,9;20 (15:40);14 (16:00);0;0;0;0;0
Llanes;Asturias;11.5 (15:00);6.6 (08:50);9;33 (15:50);16 (15:20);0;0;0;0;0
Amieva, Panizales;Asturias;14.0 (15:20);1.6 (01:10);7,8;10 (14:30);6 (14:20);0;0;0;0;0
Piloña;Asturias;13.4 (15:10);-2.2 (09:20);5,6;15 (17:10);8 (17:10);0,2;0;0;0,2;0
Colunga;Asturias;11.4 (14:50);7.4 (23:40);9,4;35 (01:30);21 (01:40);0;0;0;0;0
Gijón, Campus;Asturias;13.7 (14:30);0.6 (09:00);7,1;25 (17:10);14 (17:10);0;0;0;0;0
Cabo Peñas;Asturias;;;;50 (17:30);34 (01:30);0;0;0;0;0
Asturias Aeropuerto;Asturias;12.0 (14:30);0.8 (07:40);6,4;33 (12:00);25 (12:00);0;0;0;0;0
Puerto de Pajares;Asturias;15.2 (14:00);5.6 (18:40);10,4;27 (00:40);21 (08:10);0;0;0;0;0
Pola de Lena;Asturias;13.5 (14:30);-2.1 (06:40);5,7;21 (01:20);11 (01:20);0;0;0;0;0
Aller;Asturias;13.0 (13:00);2.0 (01:00);7,5;17 (04:30);12 (16:00);0;0;0;0;0
Mieres;Asturias;13.3 (15:20);-1.6 (09:00);5,9;10 (14:50);7 (15:30);0;0;0;0;0
Oviedo;Asturias;11.0 (16:00);0.8 (09:10);5,9;15 (09:10);12 (09:10);0;0;0;0;0
Tineo, Soto de la Barca;Asturias;9.2 (16:40);-2.5 (08:40);3,3;12 (16:30);7 (16:30);0;0;0;0;0
Pola de Somiedo;Asturias;16.1 (14:30);-1.5 (02:20);7,3;8 (07:20);6 (07:20);0;0;0;0;0
Salas;Asturias;14.2 (16:20);0.5 (07:40);7,3;9 (03:30);5 (03:30);0;0;0;0;0
Cabo Busto;Asturias;12.3 (16:10);2.8 (09:00);7,6;;;0;0;0;0;0
Degaña;Asturias;16.0 (15:00);4.8 (23:00);10,4;30 (10:40);18 (00:30);0;0;0;0;0
Ibias, San Antolin;Asturias;18.0 (15:50);5.9 (00:00);12;18 (21:50);11 (21:50);0;0;0;0;0
Villayón, Oneta;Asturias;12.9 (14:20);4.7 (01:30);8,8;11 (08:20);6 (08:20);0;0;0;0;0
Castropol;Asturias;13.4 (16:30);1.1 (08:00);7,2;26 (10:10);14 (10:10);0;0;0;0;0
Taramundi, Ouria;Asturias;12.5 (15:00);2.3 (05:20);7,4;18 (10:50);14 (10:50);0;0;0;0;0
Puerto de Leitariegos;Asturias;14.3 (14:30);4.6 (23:10);9,5;;;0;0;0;0;0
Muñotello;Ávila;16.3 (16:20);1.7 (08:50);9;17 (17:40);13 (17:40);0;0;0;0;0
Ávila;Ávila;17.0 (15:30);-2.2 (08:50);7,4;16 (17:20);12 (03:30);0;0;0;0;0
Gotarrendura;Ávila;11.8 (14:00);-4.0 (01:30);3,9;16 (15:30);11 (15:30);0;0;0;0;0
Arevalo;Ávila;10.0 (16:10);-5.0 (08:00);2,5;12 (13:00);8 (13:40);0;0;0;0;0
Rivilla de Barajas;Ávila;10.4 (16:50);0.1 (04:30);5,2;14 (13:30);10 (05:20);0;0;0;0;0
Navarredonda de Gredos;Ávila;;;;14 (11:50);6 (11:50);;;;;
Barco de Avila;Ávila;16.7 (15:50);-2.8 (06:50);7;27 (09:10);15 (09:10);;;;;
Puerto El Pico;Ávila;14.9 (15:20);-8.1 (08:20);3,4;21 (15:30);11 (15:30);0;0;0;0;0
Cebreros;Ávila;18.2 (14:20);2.5 (06:30);10,4;17 (04:30);6 (04:30);0;0;0;0;0
Candeleda;Ávila;19.5 (17:30);-0.5 (07:50);9,5;9 (22:20);7 (22:20);0;0;0;0;0
Herrera del Duque;Badajoz;17.9 (16:50);0.0 (06:50);8,9;10 (18:30);8 (18:40);0;0;0;0;0
Peraleda del Zaucejo;Badajoz;15.5 (15:10);-2.6 (07:50);6,5;12 (17:10);8 (16:50);0;0;0;0;0
Castuera;Badajoz;15.5 (14:50);4.3 (08:10);9,9;24 (07:10);18 (08:40);0;0;0;0;0
Navalvillar de Pela;Badajoz;17.4 (17:10);1.5 (08:30);9,4;19 (01:00);15 (03:50);0;0;0;0;0
Don Benito;Badajoz;16.8 (16:10);1.6 (08:50);9,2;15 (13:40);8 (13:40);0;0;0;0;0
Llerena;Badajoz;15.0 (15:50);3.5 (05:20);9,3;19 (13:50);14 (14:10);0;0;0;0;0
Villafranca de los Barros;Badajoz;15.9 (15:50);0.3 (08:20);8,1;17 (14:50);13 (01:20);0;0;0;0;0
Mérida;Badajoz;16.7 (14:40);0.6 (05:40);8,7;13 (11:10);8 (02:50);0;0;0;0;0
Zafra;Badajoz;16.9 (16:00);0.5 (06:50);8,7;15 (11:50);10 (11:50);0;0;0;0;0
Almendralejo;Badajoz;14.7 (15:00);1.8 (05:20);8,2;17 (23:40);15 (23:40);0;0;0;0;0
Badajoz Aeropuerto;Badajoz;15.8 (16:40);-0.3 (08:50);7,8;18 (13:00);14 (16:00);0;0;0;0;0
Alburquerque;Badajoz;16.9 (15:40);-1.3 (08:10);7,8;19 (12:30);11 (12:30);0;0;0;0;0
Puebla de Obando;Badajoz;15.8 (15:40);1.9 (07:50);8,9;23 (12:00);16 (13:50);0;0;0;0;0
Badajoz;Badajoz;15.6 (15:50);0.2 (06:50);7,9;19 (13:10);9 (15:10);0;0;0;0;0
Olivenza;Badajoz;14.8 (15:40);1.6 (07:50);8,2;22 (15:10);18 (09:20);0;0;0;0;0
Alconchel;Badajoz;15.3 (16:20);2.8 (09:00);9,1;19 (19:10);14 (19:10);0;0;0;0;0
Barcarrota;Badajoz;;;;;;;0;0;0;
Villanueva del Fresno;Badajoz;16.5 (16:40);4.2 (08:50);10,3;21 (20:10);16 (02:10);0;0;0;0;0
Monesterio;Badajoz;14.6 (15:50);5.3 (03:40);10;34 (09:20);20 (09:20);0;0;0;0;0
Fuente de Cantos;Badajoz;15.3 (16:00);3.7 (06:10);9,5;23 (13:10);19 (03:50);0;0;0;0;0
Jerez de los Caballeros;Badajoz;16.0 (16:10);1.0 (08:30);8,5;26 (14:00);20 (14:10);0;0;0;0;0
Fregenal de la Sierra;Badajoz;15.9 (16:20);0.3 (03:20);8,1;22 (11:20);12 (11:20);0;0;0;0;0
Azuaga;Badajoz;15.6 (15:40);1.3 (08:50);8,5;18 (12:40);11 (12:40);0;0;0;0;0
Pontons;Barcelona;19.5 (14:40);3.1 (03:10);11,3;19 (12:20);13 (01:40);0;0;0;0;0
Vilafranca del Penedès;Barcelona;18.2 (16:00);0.2 (07:20);9,2;13 (10:10);8 (11:00);0;0;0;0;0
Sitges;Barcelona;16.5 (14:00);6.1 (01:10);11,3;16 (17:30);9 (17:30);0;0;0;0;0
Barcelona Aeropuerto;Barcelona;16.6 (13:20);5.7 (07:30);11,2;41 (00:40);33 (02:20);0;0;0;0;0
Berga;Barcelona;14.8 (14:50);3.4 (06:00);9,1;19 (02:00);10 (04:30);0;0;0;0;0
Balsareny;Barcelona;14.4 (15:20);-3.0 (06:20);5,7;12 (03:20);8 (20:00);0;0;0;0;0
Prats de Lluçanès;Barcelona;15.7 (15:00);0.5 (08:00);8,1;9 (18:10);6 (03:10);0;0;0;0;0
Moià;Barcelona;17.1 (13:50);5.0 (06:00);11,1;19 (00:20);9 (16:20);0;0;0;0;0
Manresa;Barcelona;14.1 (16:10);-1.9 (05:40);6,1;13 (16:20);8 (07:40);0;0;0;0;0
Monistrol de Montserrat;Barcelona;13.2 (14:10);9.9 (22:40);11,5;;;0;0;0;0;0
Igualada;Barcelona;14.3 (15:20);-0.2 (06:20);7,1;16 (13:30);6 (14:10);0;0;0;0;0
Corbera, Pic d'Agulles;Barcelona;14.9 (13:00);7.8 (06:30);11,3;;;0;0;0;0;0
Barcelona;Barcelona;17.1 (15:20);6.5 (09:00);11,8;27 (02:00);19 (01:20);0;0;0;0;0
Barcelona, Museo Marítimo;Barcelona;18.1 (14:30);8.8 (08:40);13,5;16 (12:50);9 (05:00);0;0;0;0;0
Caldes de Montbui;Barcelona;17.2 (16:00);-1.1 (06:20);8,1;14 (18:10);11 (18:10);0;0;0;0;0
Vilassar de Dalt;Barcelona;20.7 (12:40);9.0 (08:10);14,9;26 (00:20);14 (13:30);0;0;0;0;0
Arenys de Mar;Barcelona;;;;;;;;;;
Santa Susanna;Barcelona;17.6 (15:10);3.7 (08:30);10,7;27 (00:20);13 (03:00);;;;;
Fogars de Montclús;Barcelona;15.9 (12:30);7.9 (08:30);11,9;;;0;0;0;0;0
Tona;Barcelona;15.9 (15:20);-0.6 (08:10);7,6;9 (20:30);8 (20:30);0;0;0;0;0
Sant Julià  de Vilatorta;Barcelona;14.5 (16:00);-1.9 (08:20);6,3;10 (13:20);5 (01:30);0;0;0;0;0
Lekeitio;Bizkaia;10.7 (16:10);4.2 (03:10);7,4;18 (18:10);12 (03:20);0;0;0;0;0
Forua;Bizkaia;10.8 (15:10);0.8 (03:00);5,8;18 (16:20);12 (16:00);0;0;0;0;0
Machichaco;Bizkaia;8.4 (13:00);6.1 (23:50);7,2;31 (17:20);23 (17:30);0;0;0;0;0
Punta Galea;Bizkaia;;;;;;;0;0,1;;
Orozko;Bizkaia;12.5 (14:50);-0.6 (08:30);5,9;10 (15:20);8 (16:00);0;0;0;0;0
Abadiño;Bizkaia;9.5 (19:50);3.5 (02:40);6,5;;;0;0;0;0;0
Amorebieta--Etxano;Bizkaia;10.4 (16:20);1.3 (01:10);5,8;14 (13:50);10 (13:50);0;0;0;0;0
Balmaseda;Bizkaia;11.5 (15:40);-2.4 (09:00);4,5;;;0;0;0;0;0
Güeñes;Bizkaia;11.2 (15:50);0.1 (09:30);5,6;10 (18:10);5 (18:10);0;0;0;0;0
Bilbao Aeropuerto;Bizkaia;12.2 (15:40);1.3 (02:30);6,7;17 (10:30);10 (02:00);0;0;0;0;0
Sopuerta;Bizkaia;12.6 (15:10);-0.3 (08:00);6,2;8 (14:30);5 (14:10);0;0;0;0;0
Coruña del Conde;Burgos;12.9 (16:00);-1.8 (07:40);5,5;14 (15:50);10 (03:50);0;0;0;0;0
Aranda de Duero;Burgos;10.5 (16:20);-6.5 (08:50);2;11 (15:10);5 (11:10);0;0;0;0;0
Villadiego;Burgos;16.4 (15:30);4.3 (01:20);10,3;35 (16:30);28 (00:40);0;0;0;0;0
Pedrosa del Príncipe;Burgos;16.2 (16:10);-4.7 (08:20);5,8;17 (22:10);12 (22:00);0;0;0;0;0
Palacios de la Sierra;Burgos;15.2 (15:40);-4.7 (08:20);5,3;;;0;0;0;0;0
Monterrubio de la Demanda;Burgos;14.5 (15:00);0.2 (06:40);7,4;29 (13:40);23 (14:00);0;0;0;0;0
Villamayor de los Montes;Burgos;13.9 (16:30);-3.0 (07:50);5,4;21 (18:50);12 (19:00);0;0;0;0;0
Burgos Aeropuerto;Burgos;14.6 (14:50);-0.5 (06:30);7,1;32 (15:00);25 (15:30);0;0;0;0;0
Santa Gadea de Alfoz;Burgos;14.8 (15:20);4.4 (04:50);9,6;;;0;0;0;0;0
Sargentes de la Lora;Burgos;14.7 (14:40);3.1 (00:30);8,9;26 (15:20);21 (15:20);0;0;0;0;0
Briviesca;Burgos;14.3 (16:10);-1.9 (02:10);6,2;19 (04:50);12 (04:50);0;0;0;0;0
Medina de Pomar;Burgos;14.0 (16:10);-4.6 (08:30);4,7;16 (17:40);8 (18:00);0;0;0;0;0
Miranda de Ebro;Burgos;16.6 (15:20);-4.0 (08:20);6,3;7 (23:20);4 (18:20);0;0;0;0;0
Belorado;Burgos;13.9 (15:10);1.1 (06:50);7,5;14 (06:00);10 (18:10);0;0;0;0;0
Puerto Rey;Cáceres;17.4 (15:20);2.8 (08:10);10,1;;;0;0;0;0;0
Navalvillar de Ibor;Cáceres;13.1 (14:50);4.9 (07:40);9;21 (02:40);12 (03:30);0;0;0;0;0
Madrigal de la Vera;Cáceres;16.7 (16:00);3.9 (06:20);10,3;13 (07:10);6 (04:20);0;0;0;0;0
Navalmoral de la Mata;Cáceres;16.1 (15:50);-0.9 (08:30);7,6;21 (05:30);14 (05:30);0;0;0;0;0
Garganta la Olla;Cáceres;16.7 (15:10);5.2 (08:30);11;17 (00:50);13 (00:50);0;0;0;0;0
Serradilla;Cáceres;13.3 (15:10);3.5 (08:20);8,4;33 (03:30);20 (03:30);0;0;0;0;0
Jaraicejo;Cáceres;16.1 (16:40);7.2 (00:30);11,7;39 (05:00);29 (05:00);0;0;0;0;0
Trujillo;Cáceres;15.8 (15:40);1.8 (08:30);8,8;10 (12:00);6 (12:00);0;0;0;0;0
Cáceres;Cáceres;15.1 (16:40);1.4 (04:50);8,3;10 (18:40);8 (18:40);0;0;0;0;0
Cañaveral;Cáceres;16.2 (16:50);2.3 (08:10);9,3;19 (04:40);13 (03:50);0;0;0;0;0
Nuñomoral;Cáceres;15.9 (15:40);-3.3 (09:10);6,3;12 (17:30);8 (17:30);0,2;0;0,2;0;0
Guijo de Granadilla;Cáceres;16.8 (15:50);2.4 (08:00);9,6;19 (03:20);13 (03:20);0;0;0;0;0
Hervás;Cáceres;14.1 (16:40);4.6 (00:50);9,4;19 (23:59);14 (10:50);0;0;0;0;0
Montehermoso;Cáceres;16.6 (17:00);-0.1 (05:10);8,3;10 (14:50);6 (01:20);0;0;0;0;0
Tornavacas;Cáceres;18.1 (13:50);8.2 (08:20);13,2;45 (04:20);31 (04:40);0;0;0;0;0
Piornal;Cáceres;14.8 (15:50);5.6 (00:40);10,2;27 (10:20);15 (13:00);0;0;0;0;0
Plasencia;Cáceres;17.5 (17:10);5.7 (06:30);11,6;20 (09:20);9 (11:00);0;0;0;0;0
Coria;Cáceres;15.8 (15:50);0.1 (07:20);8;20 (14:40);12 (14:50);0;0;0;0;0
Torrecilla de los Angeles;Cáceres;16.8 (15:50);0.5 (04:10);8,6;16 (14:00);10 (13:10);0;0;0;0;0
Hoyos;Cáceres;17.7 (15:40);3.9 (08:30);10,8;14 (13:10);9 (04:30);0;0;0;0;0
Zarza La Mayor;Cáceres;14.9 (16:40);4.3 (09:00);9,6;15 (08:20);10 (01:50);0;0;0;0;0
Valverde del Fresno;Cáceres;17.8 (16:20);1.9 (04:20);9,8;13 (18:40);12 (18:40);0;0;0;0;0
Aliseda;Cáceres;15.4 (16:40);-0.1 (09:40);7,6;11 (14:30);6 (14:30);0;0;0;0;0
Brozas;Cáceres;14.6 (15:30);4.1 (07:20);9,4;28 (03:50);22 (04:00);0;0;0;0;0
Valencia de Alcántara;Cáceres;14.9 (16:20);0.1 (08:10);7,5;23 (13:10);13 (14:00);0;0;0;0;0
Guadalupe;Cáceres;18.4 (14:20);5.6 (01:40);12;12 (14:50);6 (14:50);0;0;0;0;0
Cañamero;Cáceres;17.0 (16:00);5.7 (06:10);11,3;19 (02:00);8 (00:10);0;0;0;0;0
Zorita;Cáceres;16.9 (16:20);4.1 (08:30);10,5;23 (01:50);18 (01:50);0;0;0;0;0
Alcuescar;Cáceres;15.8 (15:20);1.8 (09:10);8,8;22 (01:20);12 (01:20);0;0;0;0;0
Chipiona;Cádiz;17.0 (16:30);6.7 (07:30);11,8;21 (13:20);11 (12:50);0;0;0;0;0
Rota, Base Naval;Cádiz;16.4 (16:30);5.5 (08:10);10,9;;;0;0;0;0;0
Grazalema;Cádiz;15.4 (14:50);3.6 (07:50);9,5;40 (10:20);21 (17:40);0;0;0;0;0
Olvera;Cádiz;18.5 (15:30);8.1 (06:40);13,3;37 (04:20);15 (05:20);0;0;0;0;0
El Bosque;Cádiz;19.7 (16:20);5.5 (09:00);12,6;24 (15:30);16 (15:30);0;0;0;0;0
San José del Valle;Cádiz;19.2 (14:40);10.8 (23:59);15;34 (05:00);23 (01:10);0;0;0;0;0
Jerez de la Frontera Aeropuerto;Cádiz;18.3 (15:10);2.7 (07:10);10,5;30 (12:50);20 (12:50);0;0;0;0;0
San Fernando;Cádiz;17.9 (16:00);12.5 (08:30);15,2;48 (13:20);26 (12:10);0;0;0;0;0
Cádiz;Cádiz;18.0 (16:00);11.5 (09:10);14,8;49 (13:10);37 (13:10);0;0;0;0;0
Medina Sidonia;Cádiz;17.1 (14:40);12.0 (07:40);14,6;55 (06:30);44 (08:50);0;0;0;0;0
Vejer de la Frontera;Cádiz;15.7 (14:00);11.1 (22:10);13,4;55 (01:20);28 (01:00);0;0;0;0;0
Barbate;Cádiz;17.4 (13:50);13.3 (07:30);15,3;53 (14:40);37 (14:50);0;0;0;0;0
Tarifa;Cádiz;15.3 (11:30);13.3 (18:10);14,3;67 (01:00);47 (02:00);0;0;0;0;0
Jimena de la Frontera;Cádiz;17.1 (14:50);6.5 (23:59);11,8;35 (12:20);20 (14:20);0;0;0;0;0
San Roque;Cádiz;17.4 (14:00);14.2 (08:10);15,8;40 (00:10);31 (18:40);0;0;0;0;0
Castro Urdiales;Cantabria;9.7 (13:40);5.0 (06:00);7,3;17 (11:00);10 (12:10);0;0;0;0;0
Ramales de la Victoria;Cantabria;9.8 (14:20);-0.2 (08:10);4,8;12 (03:00);4 (03:20);0;0;0;0;0
Barcena de Cicero, Treto;Cantabria;10.2 (16:00);0.7 (07:50);5,4;29 (15:50);18 (15:40);0,2;0,2;0;0;0
Soba, Alto Miera;Cantabria;17.5 (14:10);6.8 (05:40);12,2;33 (16:00);15 (14:00);0;0;0;0;0
Santander Aeropuerto;Cantabria;11.6 (15:00);0.1 (07:50);5,9;28 (14:50);21 (14:50);0;0;0;0;0
Santander;Cantabria;10.1 (14:50);7.2 (05:20);8,7;45 (14:10);36 (15:00);0;0;0;0;0
Villacarriedo;Cantabria;12.0 (15:30);-2.0 (07:40);5;14 (14:50);9 (14:50);0;0;0;0;0
Los Tojos, Bárcena Mayor;Cantabria;13.6 (14:00);-1.5 (02:10);6,1;12 (14:10);5 (13:40);0;0;0;0;0
San Felices de Buelna;Cantabria;13.7 (16:00);-0.8 (07:10);6,4;10 (15:30);5 (15:30);0;0;0;0;0
Torrelavega, Sierrapando;Cantabria;;;;;;;;;;
San Vicente de la Barquera;Cantabria;10.2 (14:10);1.1 (08:00);5,6;20 (00:40);13 (04:20);0;0;0;0;0
Camaleño, Fuente De;Cantabria;18.4 (14:50);5.5 (00:00);11,9;10 (15:30);5 (16:00);0;0;0;0;0
Cillórigo de Liébana, Tama;Cantabria;12.0 (14:50);-4.1 (08:00);4;8 (09:50);4 (10:40);0;0;0;0;0
Tresviso;Cantabria;15.8 (13:00);9.3 (00:10);12,6;17 (17:40);10 (17:40);0;0;0;0;0
Santillana del Mar, Altamira;Cantabria;11.2 (15:50);2.9 (08:20);7;12 (03:20);8 (03:20);0,2;0;0,2;0;0
Reinosa;Cantabria;15.6 (15:30);-3.3 (09:10);6,2;;;0;0;0;0;0
Alto Campoo;Cantabria;13.3 (15:20);2.5 (03:50);7,9;22 (15:30);11 (09:30);0;0;0;0;0
Valderredible, Cubillo de Ebro;Cantabria;16.9 (16:10);-6.0 (08:40);5,4;30 (16:20);15 (16:20);0;0;0;0;0
Valderredible, Polientes;Cantabria;16.9 (15:50);-5.4 (08:40);5,7;19 (16:20);9 (16:10);0;0;0;0;0
Segorbe;Castelló/Castellón;17.5 (14:10);1.2 (00:30);9,4;17 (15:10);13 (19:50);0;0;0;0;0
Montanejos;Castelló/Castellón;16.2 (15:20);0.2 (07:50);8,2;23 (16:00);9 (15:50);0;0;0;0;0
Villafranca del Cid/Vilafranca;Castelló/Castellón;15.6 (15:00);-2.5 (08:40);6,6;21 (13:20);16 (02:50);0;0;0;0;0
Atzeneta del Maestrat;Castelló/Castellón;19.2 (16:00);-0.5 (08:20);9,4;13 (17:40);10 (17:40);0;0;0;0;0
Castellón - Almassora;Castelló/Castellón;18.6 (13:30);5.9 (04:20);12,3;28 (07:40);18 (07:40);0;0;0;0;0
Torreblanca;Castelló/Castellón;18.2 (12:30);8.0 (01:20);13,1;32 (06:10);23 (06:10);0;0;0;0;0
La Pobla de Benifassà-Fredes;Castelló/Castellón;12.4 (14:00);5.2 (06:50);8,8;38 (02:10);25 (00:30);0;0;0;0;0
Vinaròs;Castelló/Castellón;18.5 (13:20);2.8 (03:40);10,6;24 (10:00);13 (10:00);;;;;
Morella;Castelló/Castellón;13.4 (14:40);4.4 (02:50);8,9;29 (14:10);15 (13:00);0;0;0;0;0
Castellfort;Castelló/Castellón;11.7 (14:20);5.7 (05:30);8,7;;;0;0;0;0;0
Ceuta;Ceuta;16.6 (15:10);14.2 (04:20);15,4;41 (01:00);25 (01:00);0;0;0;0;0
Alcazar de San Juan;Ciudad Real;13.3 (16:10);-1.7 (08:50);5,8;9 (06:50);4 (06:50);0;0;0;0;0
Tomelloso;Ciudad Real;15.1 (15:50);-4.1 (09:00);5,5;18 (11:10);13 (11:50);0;0;0;0;0
Ciudad Real;Ciudad Real;13.4 (15:40);-1.4 (06:40);6;15 (12:40);9 (12:40);0;0;0;0;0
Villanueva de los Infantes;Ciudad Real;16.2 (14:40);3.2 (02:10);9,7;37 (01:00);29 (00:40);0;0;0;0;0
Valdepeñas;Ciudad Real;14.1 (16:20);-2.0 (08:40);6,1;17 (01:10);12 (01:10);0;0;0;0;0
Viso del Marqués;Ciudad Real;15.7 (17:00);-1.8 (09:00);6,9;10 (15:20);7 (15:20);0;0;0;0;0
Abenójar;Ciudad Real;;;;;;;;;;
Puebla de Don Rodrigo;Ciudad Real;17.6 (17:30);-3.6 (08:20);7;;;;;;;
Almadén;Ciudad Real;18.9 (16:50);4.7 (07:30);11,8;17 (03:50);8 (02:30);0;0;0;0;0
Fuencaliente;Ciudad Real;18.8 (16:30);0.2 (06:50);9,5;21 (14:00);13 (14:00);0;0;0;0;0
Valsequillo;Córdoba;15.2 (15:20);-2.6 (09:10);6,3;11 (16:30);6 (15:50);0;0;0;0;0
Hinojosa del Duque;Córdoba;;;;;;;;;0;0
Cardeña;Córdoba;18.5 (15:50);4.4 (06:50);11,5;;;0;0;0;0;0
Montoro;Córdoba;17.9 (16:30);-1.8 (09:00);8;13 (16:40);7 (16:40);0;0;0;0;0
Villanueva de Córdoba;Córdoba;17.9 (15:20);5.2 (03:00);11,5;16 (11:20);9 (23:10);0;0;0;0;0
Córdoba, Embalse de Guadanuño;Córdoba;17.1 (16:10);1.0 (08:30);9,1;13 (13:20);6 (07:00);0;0;0;0;0
Córdoba Aeropuerto;Córdoba;16.9 (15:50);0.0 (08:40);8,4;21 (13:20);14 (13:20);0;0;0;0;0
Priego de Córdoba;Córdoba;16.0 (14:40);-0.1 (08:10);7,9;21 (16:00);15 (16:00);0;0;0;0;0
Doña Mencía;Córdoba;;;;;;;;;;
Córdoba, Prágdena;Córdoba;17.2 (17:30);1.7 (08:50);9,5;17 (21:50);12 (23:50);0;0;0;0;0
Espiel;Córdoba;18.4 (16:50);-1.0 (05:30);8,7;8 (14:20);5 (14:20);0,2;0;0,2;0;0
Fuente Palmera;Córdoba;15.9 (16:00);2.9 (08:40);9,4;24 (12:20);14 (16:10);0;0;0;0;0
Benamejí;Córdoba;17.8 (15:40);4.1 (08:20);10,9;20 (23:50);15 (23:50);0;0;0;0;0
Aguilar de la Frontera;Córdoba;16.0 (15:40);2.4 (08:30);9,2;21 (00:10);15 (00:20);0;0;0;0;0
La Rambla;Córdoba;15.6 (16:40);1.7 (06:50);8,7;24 (09:10);13 (12:10);0;0;0;0;0
Beteta;Cuenca;;;;;;;;;;
Tarancón;Cuenca;16.3 (16:40);2.9 (00:20);9,6;18 (08:40);12 (09:00);0;0;0;0;0
Alcázar del Rey;Cuenca;16.4 (15:40);-1.4 (23:59);7,5;18 (05:40);13 (05:40);0;0;0;0;0
Abia de Obispalia;Cuenca;17.6 (14:00);-1.8 (05:00);7,9;13 (14:40);7 (15:10);0;0;0;0;0
Villares del Saz;Cuenca;13.4 (14:30);-3.0 (08:10);5,2;;;0;0;0;0;0
Alberca de Zancara;Cuenca;17.1 (16:00);-1.1 (23:50);8;9 (10:40);5 (11:00);0;0;0;0;0
San Clemente;Cuenca;14.8 (17:10);-2.1 (08:00);6,4;;;0;0;0;0;0
Osa de la Vega;Cuenca;12.7 (16:00);-1.0 (23:59);5,8;13 (04:00);9 (06:00);0;0;0;0;0
Belmonte;Cuenca;17.0 (13:10);1.1 (05:40);9,1;12 (13:30);9 (19:20);0;0;0;0;0
Cuenca;Cuenca;17.4 (15:20);-3.0 (08:40);7,2;18 (15:20);7 (15:20);0;0;0;0;0
Motilla del Palancar;Cuenca;16.4 (15:10);-1.7 (08:20);7,3;17 (15:20);11 (16:10);0;0;0;0;0
Salvacañete;Cuenca;17.8 (15:40);-6.6 (08:00);5,6;22 (16:50);17 (16:50);0;0;0;0;0
Mira;Cuenca;17.9 (15:20);-7.4 (08:00);5,2;;;0;0;0;0;0
Irún;Gipuzkoa;7.5 (15:10);4.0 (08:10);5,8;15 (06:50);8 (07:30);0;0;0;0;0
San Sebastián Aeropuerto;Gipuzkoa;8.3 (15:00);5.7 (00:50);7;22 (08:50);11 (15:30);0;0;0;0;0
Renteria;Gipuzkoa;10.0 (15:40);1.5 (09:20);5,8;16 (15:00);9 (15:00);0;0;0;0;0
Segura - Lastala;Gipuzkoa;8.2 (15:40);0.8 (22:50);4,5;8 (14:10);4 (08:20);0;0;0;0;0
Beasain;Gipuzkoa;8.5 (16:10);1.4 (10:00);4,9;13 (15:30);8 (15:30);0;0;0;0;0
Ordizia;Gipuzkoa;7.8 (17:00);1.6 (09:20);4,7;14 (13:20);8 (14:50);0;0;0;0;0
Legazpia;Gipuzkoa;8.7 (15:10);-1.7 (08:40);3,5;;;0,2;0,2;0;0;0
Zumarraga;Gipuzkoa;5.5 (15:50);-2.6 (08:50);1,5;10 (14:00);6 (12:40);0,2;0;0,1;0,1;0
Azpeitia;Gipuzkoa;6.2 (16:10);2.4 (09:00);4,3;10 (15:20);5 (17:30);0;0;0;0;0
Zumaia;Gipuzkoa;11.2 (15:30);5.0 (02:30);8,1;17 (09:20);13 (04:40);0;0;0;0;0
Aretxabaleta;Gipuzkoa;7.4 (14:20);0.2 (09:30);3,8;;;0;0;0;0;0
Elgeta;Gipuzkoa;8.2 (14:50);-0.8 (05:50);3,7;15 (05:10);9 (01:10);0,2;0;0,2;0;0
Elgoibar;Gipuzkoa;7.4 (15:30);1.6 (09:30);4,5;15 (23:30);8 (23:30);0;0;0;0;0
Mutriku;Gipuzkoa;9.2 (15:40);4.9 (02:10);7;13 (13:00);9 (03:10);0;0;0;0;0
Blanes;Girona;17.3 (14:40);11.1 (08:50);14,2;36 (00:30);19 (15:00);0;0;0;0;0
Castell, Platja d'Aro;Girona;20.9 (15:40);7.3 (08:20);14,1;28 (15:40);15 (15:40);0;0;0;0;0
Sant Pau de Segúries;Girona;17.4 (13:50);-2.3 (04:00);7,5;33 (13:20);15 (13:20);0;0;0;0;0
Planoles;Girona;15.9 (15:20);4.6 (22:10);10,2;41 (11:20);21 (11:30);0;0;0;0;0
Ripoll;Girona;16.0 (14:30);-1.9 (04:50);7,1;17 (13:30);10 (13:30);0;0;0;0;0
Les Planes d'Hostoles;Girona;18.7 (14:50);-1.4 (04:50);8,7;13 (04:20);5 (15:20);0;0;0;0;0
Sant Hilari;Girona;17.5 (14:40);4.0 (23:50);10,8;36 (02:40);17 (02:30);0;0;0;0;0
Girona Aeropuerto;Girona;20.7 (15:40);3.7 (08:40);12,2;26 (00:10);21 (00:20);0;0;0;0;0
Girona;Girona;20.9 (16:00);3.0 (08:10);11,9;26 (15:50);13 (15:50);0;0;0;0;0
Porqueres;Girona;21.2 (14:20);3.5 (07:40);12,4;36 (19:00);16 (18:30);0;0;0;0;0
L'Estartit;Girona;21.7 (15:10);13.1 (04:00);17,4;28 (15:30);14 (21:40);0;0;0;0;0
La Vall de Bianya;Girona;19.5 (14:10);-1.7 (08:40);8,9;26 (13:20);10 (13:20);0;0;0;0;0
Castelló d'Empúries;Girona;20.8 (13:40);10.2 (09:40);15,5;44 (14:10);22 (13:10);0;0;0;0;0
Maçanet de Cabrenys;Girona;20.3 (14:10);13.7 (06:40);17;68 (19:30);23 (19:30);0;0;0;0;0
Espolla;Girona;20.8 (13:20);14.6 (02:20);17,7;53 (17:00);30 (14:40);0;0;0;0;0
Figueres;Girona;21.8 (15:10);9.0 (09:00);15,4;45 (14:30);21 (16:10);0;0;0;0;0
La Molina;Girona;9.3 (13:10);1.8 (03:50);5,6;44 (15:10);18 (15:10);0;0;0;0;0
Baza;Granada;18.1 (14:50);-3.4 (08:40);7,4;27 (15:20);17 (15:20);0;0;0;0;0
Dólar;Granada;13.8 (15:10);0.7 (00:00);7,3;;;0;0;0;0;0
Víznar;Granada;;;;;;;;;;
Granada-Cartuja;Granada;19.3 (15:50);2.4 (07:50);10,8;10 (19:50);4 (18:30);0;0;0;0;0
Granada Aeropuerto;Granada;17.0 (16:20);-3.3 (08:50);6,9;;;0;0;0;0;0
Loja;Granada;16.2 (13:40);2.7 (07:40);9,5;32 (08:30);17 (09:10);0;0;0;0;0
Lanjarón;Granada;14.9 (15:50);2.1 (06:20);8,5;;;0;0;0;0;0
Salobreña;Granada;17.6 (13:40);6.3 (23:20);12;19 (09:30);10 (03:10);0;0;0;0;0
Motril;Granada;17.7 (11:20);8.9 (04:20);13,3;18 (12:00);15 (12:10);;;;;
Motril, Puerto;Granada;;;;20 (12:10);17 (12:30);0;0;0;0;0
Castell de Ferro;Granada;15.3 (14:30);9.1 (04:50);12,2;16 (11:00);12 (11:20);0;0;0;0;0
Válor;Granada;17.6 (13:30);5.2 (03:10);11,4;;;0;0;0;0;0
Molina de Aragón;Guadalajara;15.6 (15:20);-8.2 (07:30);3,7;19 (15:00);12 (15:00);0;0;0;0;0
Zaorejas;Guadalajara;13.9 (13:00);-2.1 (05:50);5,9;21 (15:00);13 (16:10);0;0;0;0;0
Pastrana;Guadalajara;16.6 (15:00);1.9 (08:40);9,3;;;0;0;0;0;0
Pantano el Vado;Guadalajara;16.4 (15:00);-0.9 (09:10);7,7;19 (16:10);9 (14:30);0;0;0;0;0
Mandayona;Guadalajara;17.2 (15:00);-1.3 (05:00);8;;;0;0;0;0;0
Campisábalos;Guadalajara;;;;;59 (07:30);0;0;0;0;0
Guadalajara;Guadalajara;16.8 (15:40);-1.2 (07:40);7,8;14 (14:40);9 (15:50);0;0;0;0;0
Brihuega;Guadalajara;16.6 (14:40);-2.4 (08:10);7,1;;;0;0;0;0;0
El Pedregal;Guadalajara;15.2 (14:40);-1.5 (04:00);6,8;30 (15:10);19 (13:50);0;0;0;0;0
Aroche;Huelva;18.4 (15:30);-0.8 (09:00);8,8;13 (12:10);8 (16:00);0;0;0;0;0
El Granado;Huelva;16.7 (16:20);2.2 (09:10);9,5;;;0;0;0;0;0
Ayamonte;Huelva;17.9 (16:30);5.6 (08:20);11,7;18 (14:10);9 (14:10);0;0;0;0;0
Cartaya;Huelva;17.7 (15:00);5.3 (23:59);11,5;22 (11:20);12 (11:20);0;0;0;0;0
Alajar;Huelva;16.5 (15:30);7.7 (02:50);12,1;32 (09:00);16 (13:20);0;0;0;0;0
Valverde del Camino;Huelva;17.0 (15:10);4.3 (09:00);10,7;;;0;0;0;0;0
El Cerro de Andévalo;Huelva;18.3 (16:30);6.9 (06:50);12,6;;;0;0;0;0;0
Alosno, Tharsis;Huelva;17.0 (16:10);7.1 (08:40);12;17 (14:50);8 (05:50);0;0;0;0;0
El Campillo;Huelva;15.9 (16:20);6.7 (09:20);11,3;21 (11:00);12 (01:30);0;0;0;0;0
Villarrasa;Huelva;18.2 (15:10);4.3 (06:20);11,3;24 (11:40);12 (11:40);0;0;0;0;0
Huelva, Ronda Este;Huelva;17.6 (16:40);5.5 (08:00);11,6;22 (12:40);12 (11:50);0;0;0;0;0
Cala;Huelva;14.3 (16:00);2.8 (00:50);8,6;17 (15:50);9 (15:50);0;0;0;0;0
Almonte;Huelva;16.8 (17:00);4.8 (08:40);10,8;21 (15:40);14 (11:20);0;0;0;0;0
Moguer, El Arenosillo;Huelva;18.4 (15:40);7.2 (07:40);12,8;22 (10:20);13 (09:50);0;0;0;0;0
Canfranc;Huesca;15.2 (14:30);5.9 (07:30);10,5;30 (13:40);14 (20:50);0;0;0;0;0
Jaca;Huesca;15.6 (15:50);0.4 (07:00);8;22 (00:50);12 (00:50);0;0;0;0;0
Valle de Hecho, Hecho;Huesca;18.0 (15:20);-2.2 (07:30);7,9;43 (19:40);25 (21:00);0;0;0;0;0
Aragüés del Puerto;Huesca;18.1 (15:20);6.0 (06:40);12,1;17 (19:30);8 (05:50);0;0;0;0;0
Bailo;Huesca;14.2 (16:20);-1.3 (05:40);6,4;14 (05:30);9 (05:40);0;0;0;0;0
Biescas;Huesca;17.3 (14:10);1.4 (08:50);9,3;22 (14:50);8 (17:00);0;0;0;0;0
Sabiñánigo;Huesca;15.3 (14:30);-4.4 (08:30);5,5;9 (21:40);4 (16:50);0;0;0;0;0
Almudévar;Huesca;8.6 (16:10);-2.8 (08:40);2,9;18 (18:20);14 (17:20);0;0;0;0;0
Sopeira;Huesca;16.0 (15:10);2.7 (02:00);9,4;41 (08:10);27 (09:00);0;0;0;0;0
Benabarre;Huesca;13.8 (15:20);1.6 (06:20);7,7;18 (23:50);15 (23:50);0;0;0;0;0
Bielsa;Huesca;17.1 (12:50);2.3 (08:40);9,7;49 (23:50);23 (23:50);0;0;0;0;0
Ainsa;Huesca;14.3 (15:50);-1.7 (07:50);6,3;20 (17:00);17 (17:00);0;0;0;0;0
Torla - Depósito;Huesca;18.0 (12:40);4.8 (01:20);11,4;52 (15:50);23 (13:50);0;0;0;0;0
Benasque;Huesca;15.6 (15:00);2.9 (06:20);9,3;57 (15:40);28 (00:30);0;0;0;0;0
Seira;Huesca;14.3 (15:30);-0.9 (08:30);6,7;12 (16:10);5 (17:20);0;0;0;0;0
Capella;Huesca;12.6 (15:40);-3.4 (07:40);4,6;12 (12:40);8 (16:40);0;0;0;0;0
Barbastro;Huesca;3.3 (16:20);0.2 (08:50);1,7;9 (00:40);5 (00:40);0;0;0;0;0
Sariñena, Depósito agua;Huesca;2.4 (16:40);-0.5 (08:10);1;12 (17:40);7 (04:10);0;0;0;0;0
Huesca Aeropuerto;Huesca;5.6 (16:10);-4.1 (07:50);0,8;13 (14:00);8 (19:20);0;0;0;0;0
Huesca;Huesca;6.1 (16:20);-2.9 (09:10);1,6;;;0;0;0;0;0
Lanaja;Huesca;2.0 (14:50);-2.2 (08:30);-0,1;13 (18:20);9 (18:20);0;0;0;0;0
Ballobar;Huesca;;;;;;;;;;
Tamarite de Litera;Huesca;3.9 (15:50);2.0 (06:00);3;11 (03:30);8 (03:30);0;0;0;0;0
Fraga;Huesca;3.5 (15:50);1.7 (00:00);2,6;10 (14:20);6 (11:10);0;0;0;0;0
Escorca, Lluc;Illes Balears;14.7 (14:10);3.3 (21:00);9;33 (09:10);10 (00:30);0;0;0;0;0
Banyalbufar;Illes Balears;15.5 (15:20);9.7 (20:20);12,6;43 (07:50);19 (08:50);0;0;0;0;0
Andratx;Illes Balears;15.9 (14:10);5.5 (20:10);10,7;27 (10:40);6 (01:30);0;0;0;0;0
Calvià, Es Capdellà;Illes Balears;18.1 (16:50);4.2 (23:50);11,2;30 (10:40);15 (10:50);0;0;0;0;0
Palma, Puerto;Illes Balears;20.1 (14:50);8.4 (07:00);14,3;27 (02:00);14 (01:20);0;0;0;0;0
Palma, Universitat;Illes Balears;18.7 (13:50);4.0 (23:20);11,4;39 (09:30);18 (09:30);0;0;0;0;0
Sierra de Alfabia, Bunyola;Illes Balears;9.6 (15:30);3.8 (03:00);6,7;98 (08:40);65 (01:10);0;0;0;0;0
Palma de Mallorca, Aeropuerto;Illes Balears;17.7 (15:40);3.3 (23:59);10,5;45 (13:10);31 (13:10);0;0;0;0;0
Llucmajor, Cap Blanc;Illes Balears;17.8 (12:50);8.9 (06:10);13,3;36 (11:00);20 (00:20);0;0;0;0;0
Llucmajor;Illes Balears;15.9 (14:10);6.5 (02:30);11,2;;;0;0;0;0;0
Porreres;Illes Balears;16.8 (13:40);5.7 (23:59);11,2;30 (12:40);15 (13:00);0;0;0;0;0
Campos, Can Sion;Illes Balears;17.6 (15:30);2.0 (00:50);9,8;25 (13:20);12 (12:00);0,2;0;0,2;0;0
Campos, Salines Llevant;Illes Balears;16.6 (15:00);2.3 (06:00);9,5;26 (13:10);18 (14:00);0;0;0;0;0
Santanyí;Illes Balears;16.5 (14:30);7.1 (23:30);11,8;30 (11:10);18 (11:10);0;0;0;0;0
Portocolom;Illes Balears;16.0 (14:20);9.9 (00:20);12,9;33 (14:40);23 (14:40);0;0;0;0;0
Son Servera;Illes Balears;16.4 (13:50);5.7 (23:10);11;39 (03:30);20 (03:30);0;0;0;0;0
Artà;Illes Balears;16.3 (14:50);5.1 (23:40);10,7;;;0;0;0;0;0
Capdepera;Illes Balears;17.5 (14:00);12.4 (23:00);14,9;62 (00:40);48 (00:50);0;0;0;0;0
Artà-Colònia de Sant Pere;Illes Balears;14.5 (13:10);9.9 (00:00);12,2;;;0;0;0;0;0
Muro, S'Albufera;Illes Balears;16.0 (14:00);4.8 (23:59);10,4;;;0;0;0;0;0
Manacor;Illes Balears;16.6 (13:20);5.7 (00:30);11,2;27 (13:00);15 (22:20);0;0;0;0;0
Sineu;Illes Balears;15.5 (14:50);6.0 (00:10);10,8;32 (12:30);22 (12:30);0;0;0;0;0
Santa María del Camí;Illes Balears;17.7 (14:40);5.3 (02:50);11,5;36 (12:30);22 (12:30);0;0;0;0;0
Binissalem;Illes Balears;16.9 (14:50);5.1 (23:00);11;36 (12:00);22 (10:20);0;0;0;0;0
Escorca, Son Torrella;Illes Balears;11.8 (15:00);5.1 (18:50);8,5;;;0;0;0;0;0
Sa Pobla;Illes Balears;16.7 (14:50);4.4 (23:59);10,6;34 (11:40);23 (11:50);0;0;0;0;0
Pollença;Illes Balears;17.1 (12:50);6.0 (22:50);11,6;37 (00:10);16 (00:10);0;0;0;0;0
Port de Pollença;Illes Balears;17.8 (15:00);7.8 (20:50);12,8;41 (00:20);19 (01:10);0;0;0;0;0
La Mola, Maó/Mahón;Illes Balears;15.8 (13:20);9.8 (20:20);12,8;;;0;0;0;0;0
Es Mercadal;Illes Balears;14.4 (12:10);9.2 (18:50);11,8;49 (03:00);31 (03:00);0;0;0;0;0
Ciutadella;Illes Balears;15.8 (13:30);7.4 (21:30);11,6;;;0;0;0;0;0
Ciutadella, Cala Galdana;Illes Balears;15.6 (13:00);4.8 (22:30);10,2;37 (03:10);15 (12:40);0;0;0;0;0
Menorca, Aeropuerto;Illes Balears;;;;;;;;;0;0
Sant Joan de Labritja;Illes Balears;16.4 (13:00);2.5 (23:59);9,4;;;0;0;0;0;0
Sant Antoni de Portmany;Illes Balears;17.5 (14:50);4.3 (00:30);10,9;24 (14:00);10 (13:20);0,2;0,2;0;0;0
Ibiza, Aeropuerto;Illes Balears;17.7 (13:30);5.8 (00:50);11,8;33 (14:40);20 (14:40);0;0;0;0;0
Eivissa;Illes Balears;18.2 (15:00);5.5 (23:50);11,9;28 (14:10);13 (13:20);0;0;0;0;0
Formentera;Illes Balears;18.0 (13:50);6.9 (00:00);12,5;27 (13:30);14 (14:40);0;0;0;0;0
Cazorla;Jaén;;;;;;;;;;
Baeza;Jaén;18.9 (14:40);4.8 (23:10);11,8;21 (12:30);11 (09:30);0;0;0;0;0
Torres;Jaén;15.4 (16:20);4.3 (05:10);9,8;;;0;0;0;0;0
Arroyo del Ojanco;Jaén;19.5 (15:00);0.6 (07:20);10,1;;;0;0;0;0;0
Villarrodrigo;Jaén;19.8 (15:10);4.2 (00:10);12;47 (09:50);26 (09:50);;;;;
Villanueva del Arzobispo;Jaén;17.3 (14:50);0.9 (08:20);9,1;14 (05:00);6 (02:40);0;0;0;0;0
Santa Elena;Jaén;15.0 (15:50);3.1 (08:00);9;25 (00:40);12 (00:40);0;0;0;0;0
Jaén;Jaén;15.1 (15:20);3.7 (08:40);9,4;21 (23:20);16 (23:20);0;0;0;0;0
Linares;Jaén;17.5 (16:10);6.6 (07:00);12;13 (22:30);8 (22:30);0;0;0;0;0
Bailén;Jaén;17.6 (15:50);1.8 (08:00);9,7;13 (02:00);7 (02:00);0;0;0;0;0
Andújar;Jaén;18.7 (16:50);-1.8 (07:50);8,5;11 (15:40);5 (19:10);0;0;0;0;0
Alcalá La Real;Jaén;17.8 (15:30);1.8 (07:30);9,8;17 (12:40);11 (23:30);0;0;0;0;0
Valdezcaray, estación de esquí;La Rioja;10.4 (13:10);4.9 (01:20);7,6;37 (22:20);25 (22:40);0;0;0;0;0
Haro;La Rioja;13.6 (15:30);0.0 (08:00);6,8;;;0;0;0;0;0
Anguiano;La Rioja;11.3 (14:00);-1.0 (07:00);5,2;;;0;0;0;0;0
Nájera;La Rioja;16.6 (15:10);2.1 (00:00);9,4;20 (17:40);10 (07:50);0;0;0;0;0
Cenicero;La Rioja;14.4 (15:40);0.8 (08:30);7,6;25 (13:50);14 (19:00);0;0;0;0;0
Logroño Aeropuerto;La Rioja;17.1 (15:50);3.7 (08:20);10,4;26 (06:30);18 (13:20);0;0;0;0;0
Enciso;La Rioja;16.2 (13:40);0.9 (08:40);8,6;28 (03:50);20 (14:30);0;0;0;0;0
Alfaro;La Rioja;14.0 (15:30);-4.1 (08:20);5;16 (23:40);9 (21:30);0;0;0;0;0
Tías;Las Palmas;17.8 (14:30);12.3 (06:20);15;58 (23:40);39 (12:10);0;0;0;0;0
Yaiza Playa Blanca;Las Palmas;20.3 (15:40);14.5 (00:10);17,4;56 (10:40);40 (08:50);0;0;0;0;0
Lanzarote Aeropuerto;Las Palmas;20.7 (15:40);12.6 (04:00);16,7;50 (23:20);36 (13:40);0;0;0;0;0
Haría;Las Palmas;18.6 (15:30);11.1 (00:10);14,9;66 (11:10);44 (12:20);0;0;0;0;0
Tinajo;Las Palmas;18.8 (15:40);11.6 (00:10);15,2;56 (13:00);41 (12:50);0;0;0;0;0
Pájara;Las Palmas;22.2 (21:20);16.4 (03:00);19,3;46 (09:50);25 (05:40);0;0;0;0;0
Tuineje,Puerto Gran Tarajal;Las Palmas;21.2 (21:40);12.8 (01:00);17;40 (03:30);24 (08:10);0;0;0;0;0
Antigua;Las Palmas;20.3 (15:50);10.9 (07:50);15,6;44 (15:20);29 (14:00);0;0;0;0;0
Fuerteventura Aeropuerto;Las Palmas;21.6 (15:20);14.2 (00:10);17,9;45 (13:40);32 (13:40);0;0;0;0;0
La Oliva;Las Palmas;19.9 (15:10);12.2 (00:20);16;53 (12:00);36 (12:00);0;0;0;0;0
La Oliva, Puerto de Corralejo;Las Palmas;20.4 (15:10);15.7 (00:00);18;59 (07:00);40 (12:40);0;0;0;0;0
Vega de San Mateo;Las Palmas;11.0 (13:30);1.5 (01:10);6,3;38 (11:10);17 (23:59);0;0;0;0;0
Tejeda, Cruz de Tejeda;Las Palmas;15.3 (15:40);4.3 (03:30);9,8;30 (08:10);13 (07:50);0;0;0;0;0
Tejeda;Las Palmas;18.0 (13:40);8.9 (02:20);13,4;32 (13:10);19 (18:30);0;0;0;0;0
Agaete;Las Palmas;22.6 (17:10);16.1 (06:20);19,4;24 (03:10);17 (03:30);0;0;0;0;0
La Aldea de San Nicolás;Las Palmas;22.7 (16:00);10.0 (23:59);16,4;26 (14:00);18 (13:40);0;0;0;0;0
San Bartolome Tirajana, Cuevas del Pinar;Las Palmas;13.6 (13:20);6.8 (00:20);10,2;27 (02:10);12 (12:50);0;0;0;0;0
San Bartolome Tirajana, Lomo Pedro Alfonso;Las Palmas;18.0 (14:40);9.4 (00:00);13,7;27 (15:40);18 (06:40);0;0;0;0;0
La Aldea de San Nicolás, Tasarte;Las Palmas;22.8 (13:50);11.8 (07:20);17,3;52 (14:00);25 (15:20);0;0;0;0;0
Mogán, Puerto Rico;Las Palmas;22.5 (12:00);16.2 (07:50);19,4;38 (13:10);28 (13:20);0;0;0;0;0
San Bartolome Tirajana, Las Tirajanas;Las Palmas;17.9 (12:40);6.7 (06:50);12,3;18 (13:30);9 (23:50);0;0;0;0;0
Maspalomas, C. Insular Turismo;Las Palmas;21.4 (11:00);14.9 (03:50);18,1;26 (13:30);16 (14:30);0;0;0;0;0
San Bartolome Tirajana, El Matorral;Las Palmas;22.5 (14:00);13.1 (04:10);17,8;22 (14:00);14 (14:00);0;0;0;0;0
Agüimes;Las Palmas;21.2 (12:00);11.8 (03:10);16,5;30 (15:00);20 (13:50);0;0;0;0;0
Telde, Centro Forestal Doramas;Las Palmas;19.4 (12:00);10.5 (03:20);14,9;37 (13:00);20 (12:50);0;0;0;0;0
Gran Canaria Aeropuerto;Las Palmas;21.4 (13:40);13.7 (03:50);17,5;37 (14:20);23 (14:00);0;0;0;0;0
Telde, Melenara;Las Palmas;21.4 (12:10);11.1 (22:50);16,3;28 (13:30);12 (14:50);0;0;0;0;0
Teror;Las Palmas;19.9 (16:30);8.2 (00:10);14;26 (14:10);14 (13:30);0;0;0;0;0
Las Palmas de Gran Canaria, Tafira;Las Palmas;19.4 (13:10);13.6 (00:40);16,5;38 (14:10);20 (14:10);0;0;0;0;0
Las Palmas de Gran Canaria, San Cristobal;Las Palmas;23.5 (11:30);16.7 (07:50);20,1;51 (15:20);42 (15:40);0;0;0;0;0
Las Palmas de Gran Canaria, Pl. de la Feria;Las Palmas;21.5 (13:20);16.4 (04:20);18,9;36 (14:40);13 (15:40);0;0;0;0;0
Valleseco;Las Palmas;18.4 (16:00);8.0 (08:00);13,2;30 (04:00);21 (19:50);0;0;0;0;0
Agaete - Suerte Alta;Las Palmas;19.4 (16:30);13.1 (01:10);16,3;19 (14:50);14 (14:50);0;0;0;0;0
Arucas;Las Palmas;22.4 (15:20);14.3 (22:30);18,3;43 (14:00);24 (14:00);0;0;0;0;0
Maspalomas;Las Palmas;22.0 (11:10);14.8 (01:20);18,4;30 (11:10);22 (12:50);0;0;0;0;0
Teguise;Las Palmas;20.7 (14:30);14.6 (00:00);17,7;72 (13:00);44 (13:50);0;0;0;0;0
Posada de Valdeón, Soto;León;12.3 (15:10);-0.1 (01:50);6,1;;;0;0;0;0;0
Villablino;León;15.1 (15:10);-5.2 (08:50);5;8 (07:00);5 (07:00);0;0;0;0;0
Ponferrada;León;10.1 (17:00);-4.7 (09:10);2,7;9 (14:20);5 (12:40);0;0;0;0;0
Vega de Espinareda;León;17.6 (16:00);-0.3 (07:30);8,7;;;0;0;0;0;0
Riaño;León;;;;;;;;;;
Cubillas de Rueda;León;17.9 (15:00);-2.2 (08:50);7,8;24 (14:00);15 (15:00);0;0;0;0;0
Puerto de San Isidro;León;16.0 (14:30);-0.4 (05:40);7,8;21 (14:40);17 (14:40);0;0;0;0;0
León, Virgen del Camino;León;18.9 (14:50);0.4 (00:10);9,6;15 (00:40);12 (02:40);0;0;0;0;0
Valencia de Don Juan;León;16.4 (15:50);-1.7 (08:20);7,3;18 (21:20);13 (09:20);0;0;0;0;0
Barrios de Luna, Miñera;León;16.3 (16:10);-2.1 (08:50);7,1;20 (07:30);12 (08:50);0;0;0;0;0
Quintana del Castillo, Villameca;León;17.1 (15:10);1.9 (00:10);9,5;18 (21:40);15 (21:40);0;0;0;0;0
Astorga;León;;;;18 (06:10);12 (06:00);0;0;0;0;0
Lagunas de Somoza;León;17.6 (16:50);0.0 (00:40);8,8;23 (07:00);19 (06:40);0;0;0;0;0
Bustillo del Páramo;León;18.4 (15:50);-0.9 (00:10);8,7;17 (01:00);12 (06:20);0;0;0;0;0
Martinet;Lleida;16.8 (13:30);-0.9 (07:50);7,9;50 (16:10);19 (16:10);0;0;0;0;0
La Seu d'Urgell;Lleida;17.9 (14:30);-3.1 (04:50);7,4;;;0;0;0;0;0
Tuixent;Lleida;15.8 (14:00);1.5 (04:40);8,7;21 (13:40);10 (13:40);0;0;0;0;0
Coll de Nargó;Lleida;13.2 (12:40);-0.6 (01:10);6,3;47 (16:10);34 (15:50);0;0;0;0;0
Torà;Lleida;2.9 (16:20);-2.0 (06:10);0,5;;;0;0;0;0;0
Artesa de Segre;Lleida;2.3 (16:00);-0.5 (08:50);0,9;;;0;0;0;0;0
Esterri d'Àneu;Lleida;16.3 (14:10);0.0 (05:00);8,1;46 (12:10);22 (12:10);0;0;0;0;0
Torre de Cabdella;Lleida;16.1 (13:40);3.4 (23:20);9,8;;;0;0;0;0;0
Talarn;Lleida;15.1 (15:40);3.0 (06:10);9,1;15 (03:10);13 (03:10);0;0;0;0;0
Llimiana;Lleida;;;;;;;;;;
Granyanella;Lleida;2.3 (15:40);-1.7 (23:50);0,3;;;0;0;0;0;0
Tàrrega;Lleida;2.2 (15:40);-0.6 (03:10);0,8;12 (01:10);6 (01:10);0;0;0;0;0
Os de Balaguer;Lleida;1.8 (15:10);-2.2 (07:30);-0,2;18 (06:10);11 (06:10);0;0;0;0;0
Mollerussa;Lleida;3.0 (00:00);1.4 (22:20);2,2;11 (13:20);7 (13:20);0;0;0;0;0
Vall de Boí;Lleida;16.7 (14:50);3.3 (05:20);10;45 (13:30);25 (12:00);0;0;0;0;0
Lleida;Lleida;4.0 (15:50);1.9 (21:00);2,9;13 (20:10);7 (17:40);0;0;0;0;0
La Pobla de Cérvoles;Lleida;12.2 (13:30);0.3 (08:30);6,2;;;0;0;0;0;0
El Soleràs;Lleida;3.2 (14:00);-1.7 (04:20);0,8;;;0,2;0;0,2;0;0
Naut Aran, Arties;Lleida;10.0 (14:20);-1.1 (03:50);4,4;17 (18:10);8 (17:30);0;0;0;0;0
Bossòst;Lleida;15.2 (14:40);-0.3 (07:30);7,4;21 (05:30);13 (05:00);0;0;0;0;0
Cervantes;Lugo;18.0 (15:50);10.4 (23:40);14,2;41 (12:30);26 (10:40);0;0;0;0;0
Ribadeo;Lugo;11.5 (16:40);2.5 (08:30);7;18 (03:30);15 (05:40);0;0;0;0;0
Mondoñedo;Lugo;12.2 (15:50);-0.7 (09:40);5,7;;;0;0;0;0;0
Burela;Lugo;11.6 (14:50);6.3 (09:00);9;;;0;0;0;0;0
Lugo Aeropuerto;Lugo;9.6 (17:30);-3.8 (09:10);2,9;8 (21:10);5 (19:30);0,2;0;0,2;0;0
Lugo;Lugo;8.8 (16:20);-2.1 (08:50);3,4;10 (02:30);4 (02:30);0,2;0;0;0,2;0
O Páramo;Lugo;9.3 (17:10);-2.6 (09:10);3,4;;;0,2;0;0,2;0;0
Becerreá;Lugo;16.2 (14:50);8.5 (20:50);12,4;33 (09:50);19 (09:00);0;0;0;0;0
O Saviñao;Lugo;16.4 (16:10);-0.1 (04:50);8,1;;6 (08:50);0,2;0;0,2;0;0
Folgoso do Courel;Lugo;13.8 (15:10);0.8 (06:10);7,3;;;0;0;0;0;0
Monforte de Lemos;Lugo;8.2 (16:50);-1.4 (23:20);3,4;5 (16:00);3 (05:10);;;;;
Puerto de Navacerrada;Madrid;13.2 (13:00);5.2 (00:00);9,2;30 (03:10);22 (03:20);0;0;0;0;0
Aranjuez;Madrid;15.3 (16:20);-4.4 (07:00);5,5;15 (00:50);9 (01:00);0;0;0;0;0
Rascafría;Madrid;18.7 (15:30);-4.9 (06:20);6,9;8 (13:40);4 (13:30);0;0;0;0;0
Buitrago del Lozoya;Madrid;15.6 (14:40);-5.4 (05:10);5,1;14 (15:00);7 (14:50);0;0;0;0;0
Somosierra;Madrid;;;;;;;;;;
Madrid, El Goloso;Madrid;15.0 (15:40);-3.5 (07:10);5,8;10 (16:10);5 (13:40);0;0;0;0;0
Madrid Aeropuerto;Madrid;;;;;;0;0;0;0;0
Alcala de Henares;Madrid;17.3 (17:10);-3.6 (08:40);6,8;17 (01:20);11 (01:30);0;0;0;0;0
Arganda del Rey;Madrid;15.9 (17:10);-4.3 (07:10);5,8;12 (11:10);8 (11:30);0;0;0;0;0
Colmenar Viejo;Madrid;14.5 (12:50);6.8 (05:30);10,7;15 (01:00);11 (01:20);0;0;0;0;0
Madrid, Ciudad Universitaria;Madrid;16.3 (17:00);-3.0 (08:20);6,6;11 (14:20);6 (03:10);0;0;0;0;0
Pozuelo de Alarcón;Madrid;17.6 (15:50);-4.5 (06:20);6,6;;;0;0;0;0;0
Madrid, Retiro;Madrid;13.4 (16:30);0.7 (08:50);7;15 (04:00);7 (00:50);0;0;0;0;0
Tielmes;Madrid;15.7 (15:50);-3.0 (08:20);6,3;;;0;0;0;0;0
Puerto Alto del León;Madrid;14.1 (14:20);4.5 (19:50);9,3;;;0;0;0;0;0
Alpedrete;Madrid;19.0 (13:30);2.3 (07:30);10,6;12 (14:20);6 (15:40);0;0;0;0;0
Torrelodones;Madrid;16.6 (14:50);0.3 (08:50);8,5;13 (14:40);10 (05:10);0;0;0;0;0
Rozas de Puerto Real;Madrid;;;;;;;;;;
Valdemorillo;Madrid;15.6 (16:10);2.4 (07:50);9;13 (04:30);8 (01:50);0;0;0;0;0
Villanueva de la Cañada;Madrid;16.5 (16:00);0.1 (07:10);8,3;16 (04:50);13 (00:20);0;0;0;0;0
Ronda Instituto;Málaga;17.0 (14:30);7.3 (08:10);12,2;40 (00:10);20 (00:10);0;0;0;0;0
Cortes de la Frontera;Málaga;17.3 (12:40);5.9 (23:59);11,6;28 (10:20);8 (11:30);0;0;0;0;0
Alpandeire;Málaga;15.5 (14:30);7.2 (08:40);11,3;32 (05:00);17 (05:00);0;0;0;0;0
Gaucín;Málaga;15.8 (15:20);8.2 (04:00);12;26 (13:40);9 (12:00);0;0;0;0;0
Manilva;Málaga;16.1 (16:10);11.4 (22:20);13,8;36 (12:00);24 (12:00);0;0;0;0;0
Estepona;Málaga;17.1 (14:10);11.9 (23:40);14,5;37 (11:50);21 (12:10);0;0;0;0;0
Benahavís;Málaga;14.5 (13:30);6.8 (23:30);10,7;28 (10:30);14 (10:00);0;0;0;0;0
Marbella, Puerto;Málaga;;;;29 (07:20);23 (18:30);0;0;0;0;0
Marbella;Málaga;16.2 (12:40);11.2 (23:50);13,7;36 (02:00);30 (01:20);0;0;0;0;0
Fuengirola;Málaga;16.0 (16:20);10.9 (23:59);13,4;30 (00:10);22 (00:40);0;0;0;0;0
Torremolinos;Málaga;17.2 (16:40);10.1 (23:20);13,7;16 (11:50);8 (13:30);0;0;0;0;0
Antequera;Málaga;14.9 (15:30);6.1 (23:50);10,5;37 (05:30);20 (10:30);0;0;0;0;0
Álora;Málaga;17.2 (15:10);7.2 (23:59);12,2;30 (13:30);22 (13:30);0;0;0;0;0
Coín;Málaga;19.3 (16:00);7.4 (23:50);13,3;;;0;0;0;0;0
Málaga Aeropuerto;Málaga;17.2 (15:00);7.0 (09:00);12,1;26 (08:40);20 (08:40);0;0;0;0;0
Málaga, Centro Meteorológico;Málaga;18.4 (14:30);7.3 (07:30);12,8;18 (12:30);11 (12:40);0;0;0;0;0
Málaga, Puerto;Málaga;16.9 (11:40);10.1 (08:10);13,5;19 (12:10);13 (12:20);0;0;0;0;0
Rincón de la Victoria;Málaga;;;;;;;;;;
Vélez-Málaga;Málaga;19.3 (12:20);6.7 (08:20);13;;;0;0;0;0;0
Algarrobo;Málaga;17.2 (15:40);7.9 (05:40);12,6;19 (13:30);13 (13:40);0;0;0;0;0
Nerja;Málaga;17.0 (13:50);9.7 (04:10);13,3;18 (06:20);11 (05:00);0;0;0;0;0
Fuente de Piedra;Málaga;16.5 (16:20);4.0 (23:30);10,3;31 (14:00);22 (14:40);0;0;0;0;0
Melilla;Melilla;16.8 (12:20);11.6 (08:30);14,2;27 (00:50);17 (00:10);0;0;0;0;0
Águilas;Murcia;17.9 (13:40);6.4 (08:20);12,1;14 (00:30);8 (08:30);0;0;0;0;0
Mazarrón;Murcia;19.4 (14:40);6.6 (07:50);13;15 (06:50);12 (06:40);0;0;0;0;0
Cartagena;Murcia;19.0 (15:40);3.4 (09:00);11,2;13 (16:00);8 (16:00);0;0;0;0;0
Fuente Álamo de Murcia;Murcia;20.0 (15:50);3.3 (08:00);11,6;;;0;0;0;0;0
Torre-Pacheco;Murcia;19.1 (15:40);3.6 (06:00);11,4;15 (08:10);9 (08:10);0;0;0;0;0
San Javier Aeropuerto;Murcia;20.2 (14:40);3.4 (08:20);11,8;18 (11:00);14 (06:50);0;0;0;0;0
Moratalla;Murcia;13.0 (11:50);2.1 (02:30);7,5;;;0;0;0;0;0
Caravaca de La Cruz;Murcia;15.2 (11:50);0.2 (07:00);7,7;28 (04:40);19 (04:50);0;0;0;0;0
Calasparra;Murcia;18.3 (16:20);0.4 (08:20);9,3;13 (21:00);8 (21:00);0;0;0;0;0
Bullas;Murcia;16.0 (15:50);2.8 (07:40);9,4;;;0;0;0;0;0
Jumilla;Murcia;17.6 (15:10);-3.3 (08:00);7,2;15 (16:10);10 (16:00);0;0;0;0;0
Cieza;Murcia;17.1 (17:00);-0.1 (07:50);8,5;23 (10:20);17 (10:20);0;0;0;0;0
Archena;Murcia;19.9 (16:10);5.8 (07:50);12,8;;;0;0;0;0;0
Mula;Murcia;18.9 (13:50);3.9 (07:20);11,4;25 (09:20);16 (05:30);0;0;0;0;0
Murcia;Murcia;20.5 (16:10);2.5 (08:40);11,5;17 (08:50);13 (08:50);0;0;0;0;0
Caravaca de La Cruz, Los Royos;Murcia;15.1 (15:30);0.2 (02:00);7,7;;;0;0;0;0;0
Lorca, Zarcilla de Ramos;Murcia;18.6 (16:00);0.5 (08:20);9,6;24 (02:40);17 (02:40);0;0;0;0;0
Lorca;Murcia;18.5 (14:10);0.3 (08:30);9,4;13 (01:00);7 (01:00);0;0;0;0;0
Puerto Lumbreras;Murcia;18.8 (15:30);5.8 (07:30);12,3;;;0;0;0;0;0
Totana;Murcia;19.3 (15:40);2.7 (08:50);11;12 (23:20);5 (10:00);0;0;0;0;0
Alhama de Murcia;Murcia;18.0 (16:00);2.2 (07:10);10,1;16 (20:20);10 (20:40);0;0;0;0;0
Molina de Segura;Murcia;18.4 (15:30);4.7 (23:10);11,5;31 (09:50);22 (07:20);0;0;0;0;0
Abanilla;Murcia;19.4 (15:20);1.1 (06:20);10,2;;;0;0;0;0;0
Yecla;Murcia;17.6 (15:20);-4.0 (07:50);6,8;19 (15:30);17 (19:00);0;0;0;0;0
Baztan, Irurita;Navarra;8.1 (16:20);-1.5 (23:20);3,3;9 (09:50);4 (17:00);0;0;0;0;0
Bera;Navarra;8.9 (15:50);2.6 (09:40);5,7;13 (16:10);6 (16:20);0;0;0;0;0
Areso;Navarra;12.1 (15:00);-1.0 (04:20);5,6;8 (14:00);4 (13:50);0;0;0;0;0
Los Arcos;Navarra;18.2 (16:20);3.2 (03:30);10,7;23 (14:00);14 (05:00);0;0;0;0;0
Isaba/Izaba;Navarra;17.7 (13:00);-0.7 (09:10);8,5;44 (14:50);26 (14:30);0;0;0;0;0
Oroz-Betelu/Orotz-Betelu;Navarra;17.8 (13:10);1.5 (08:10);9,6;53 (20:00);36 (15:30);0;0;0;0;0
Roncesvalles;Navarra;14.3 (12:40);3.7 (23:59);9;43 (09:40);19 (09:10);0;0;0;0;0
Navascués/Nabaskoze;Navarra;12.7 (15:40);-6.3 (08:20);3,2;;;0;0;0;0;0
Cáseda;Navarra;9.9 (15:20);-2.8 (09:10);3,5;10 (18:40);6 (10:50);0;0;0;0;0
Olite/Erriberri;Navarra;12.4 (15:00);-2.5 (08:00);4,9;26 (20:10);16 (19:30);0;0;0;0;0
Esteribar, Eugui;Navarra;14.8 (13:10);3.2 (08:00);9;;;0;0;0;0;0
Monreal/Elo;Navarra;15.8 (15:20);0.8 (08:00);8,3;40 (18:00);30 (17:40);0;0;0;0;0
Pamplona Aeropuerto;Navarra;18.3 (15:00);-1.7 (08:30);8,3;41 (15:50);32 (19:00);0;0;0;0;0
Aranguren, Ilundain;Navarra;;;;;;;0;0;0;
Irurtzun;Navarra;16.9 (14:20);0.3 (06:20);8,6;36 (14:40);16 (14:50);0;0;0;0;0
Larraga;Navarra;16.9 (16:40);-1.5 (08:40);7,7;37 (18:00);24 (18:10);0;0;0;0;0
Bardenas Reales, Base Aérea;Navarra;11.7 (16:20);-3.1 (07:30);4,3;18 (18:30);16 (18:30);0;0;0;0;0
Monteagudo;Navarra;13.6 (15:50);-1.6 (07:50);6;;;0;0;0;0;0
Tudela;Navarra;7.7 (16:20);-2.7 (09:20);2,5;14 (21:50);8 (21:50);0;0;0;0;0
Luzaide/Valcarlos;Navarra;7.3 (15:00);-2.7 (09:30);2,3;20 (05:00);12 (15:40);0;0;0;0;0
O Barco de Valdeorras;Ourense;8.6 (17:00);-2.2 (09:30);3,2;;;0;0;0;0;0
A Pobra de Trives;Ourense;13.8 (14:50);-0.7 (07:50);6,6;19 (07:30);15 (07:30);0;0;0;0;0
Chandrexa de Queixa;Ourense;15.4 (14:50);-1.7 (07:30);6,8;11 (15:10);7 (13:00);0;0;0;0;0
Ourense;Ourense;;;;;;;;;;
Beariz;Ourense;18.0 (16:30);-4.5 (08:20);6,8;;;0;0;0;0;0
Carballiño, O;Ourense;15.2 (15:50);-2.4 (08:50);6,4;3 (15:20);0 (00:10);0;0;0;0;0
Ribadavia;Ourense;9.1 (16:40);0.2 (08:40);4,7;;;0;0;0;0;0
Allariz;Ourense;15.3 (15:30);-3.1 (08:40);6,1;;;0;0;0;0;0
Xinzo de Limia;Ourense;16.7 (15:20);-7.7 (08:00);4,5;18 (14:10);11 (15:30);0;0;0;0;0
Muiños;Ourense;17.4 (13:10);2.5 (00:00);9,9;;;0;0;0;0;0
A Gudiña;Ourense;15.7 (15:50);4.7 (05:40);10,2;;;;;;;
Verín;Ourense;11.1 (15:50);-6.0 (09:10);2,6;;;0;0;0;0;0
Cervera de Pisuerga;Palencia;18.5 (13:20);3.9 (01:40);11,2;28 (17:10);17 (10:00);0;0;0;0;0
Aguilar de Campoo;Palencia;16.3 (15:10);-2.4 (06:30);6,9;33 (14:20);20 (14:10);0;0;0;0;0
Villaeles de Valdavia;Palencia;15.4 (14:20);0.7 (08:30);8;33 (15:40);19 (15:40);0;0;0;0;0
Velilla del Río Carrión, Camporredondo de Alba;Palencia;15.3 (14:40);5.2 (03:00);10,3;28 (20:30);22 (20:00);0;0;0;0;0
Carrión de los Condes;Palencia;16.6 (15:40);-0.7 (09:10);8;30 (22:50);16 (22:50);0;0;0;0;0
Autilla del Pino;Palencia;13.7 (16:50);-0.7 (09:30);6,5;23 (01:30);19 (01:40);0;0;0;0;0
Palencia;Palencia;13.5 (16:10);-4.1 (09:00);4,7;10 (00:30);8 (17:40);0;0;0;0;0
Santervás de la Vega, Villapún;Palencia;16.3 (14:30);2.6 (07:40);9,4;32 (13:20);22 (13:10);0;0;0;0;0
Silleda;Pontevedra;18.5 (14:40);6.0 (22:00);12,3;29 (07:40);20 (07:40);0;0;0;0;0
A Estrada;Pontevedra;14.9 (15:40);0.7 (08:50);7,8;;;0;0;0;0;0
VilagarcÍa de Arousa;Pontevedra;16.6 (16:40);2.4 (09:20);9,5;13 (00:40);8 (07:10);0;0;0;0;0
Pontevedra;Pontevedra;16.3 (17:20);5.1 (09:50);10,7;21 (01:40);13 (01:50);0;0;0;0;0
A Lama;Pontevedra;19.0 (13:50);1.1 (23:59);10,1;27 (07:40);15 (08:10);0;0;0;0;0
Vigo Aeropuerto;Pontevedra;13.7 (15:00);3.1 (09:30);8,4;26 (07:00);18 (08:30);0;0;0;0;0
Vigo;Pontevedra;17.9 (15:20);8.4 (09:20);13,1;15 (05:50);6 (05:50);0;0;0;0;0
A Cañiza;Pontevedra;17.9 (14:30);4.9 (08:50);11,4;;;0;0;0;0;0
Ponteareas, Canedo;Pontevedra;14.7 (16:30);-1.7 (09:10);6,5;;;0;0;0;0;0
O Rosal;Pontevedra;16.7 (16:50);0.8 (08:30);8,8;;;0;0;0;0;0
La Covatilla, estación de esquí;Salamanca;12.0 (16:00);2.2 (20:20);7,1;40 (00:10);27 (00:10);0;0;0;0;0
Pedrosillo de Los Aires;Salamanca;12.9 (15:10);-6.4 (08:30);3,2;24 (16:20);19 (16:20);0;0;0;0;0
Pedraza de Alba;Salamanca;10.9 (14:10);-5.9 (08:20);2,5;14 (14:50);10 (14:40);0,2;0;0,2;0;0
Salamanca Aeropuerto;Salamanca;12.9 (17:10);-5.6 (06:40);3,6;17 (15:00);12 (15:40);0;0;0;0;0
Salamanca;Salamanca;14.5 (16:50);-3.0 (08:40);5,8;10 (14:40);5 (08:10);0;0;0;0;0
Barbadillo;Salamanca;11.9 (17:10);-5.2 (08:00);3,3;15 (12:30);12 (12:30);0;0;0;0;0
Ledesma;Salamanca;12.3 (15:50);-4.8 (08:20);3,8;17 (14:50);13 (15:00);0;0;0;0;0
Villarino de los Aires;Salamanca;17.9 (16:50);-0.3 (07:10);8,8;19 (04:40);16 (05:00);0;0;0;0;0
Boadilla Fuente San Esteban;Salamanca;13.4 (16:20);-2.1 (09:00);5,6;19 (01:50);12 (00:40);0;0;0;0;0
Vitigudino;Salamanca;14.4 (15:50);-1.5 (08:20);6,4;22 (03:20);17 (02:20);0;0;0;0;0
El Maíllo;Salamanca;15.5 (12:40);2.9 (06:10);9,2;26 (23:00);22 (22:10);0;0;0;0;0
Bañobárez;Salamanca;13.0 (15:50);-2.6 (04:10);5,2;19 (00:20);13 (00:20);0;0;0;0;0
Navasfrías;Salamanca;16.1 (15:00);-5.4 (06:10);5,4;13 (15:40);8 (15:50);0;0;0;0;0
El Bodón Base Aérea;Salamanca;11.1 (16:30);-3.4 (08:10);3,9;18 (08:50);14 (08:50);0;0;0;0;0
Saelices El Chico;Salamanca;13.4 (17:30);-4.9 (08:40);4,2;12 (22:10);9 (22:10);0;0;0;0;0
Fresno de Cantespino;Segovia;14.0 (15:50);-6.4 (07:00);3,8;16 (22:00);12 (22:00);0;0;0;0;0
Aldeanueva de Serrezuela;Segovia;14.4 (14:30);6.9 (23:30);10,6;18 (22:00);13 (22:00);0;0;0;0;0
La Pinilla, estación de esquí;Segovia;11.7 (13:30);4.3 (23:10);8;37 (00:20);31 (02:20);0;0;0;0;0
Pedraza;Segovia;15.3 (16:00);1.9 (01:50);8,6;12 (01:50);9 (22:40);0;0;0;0;0
Cuéllar;Segovia;17.2 (16:40);-8.3 (06:40);4,5;10 (14:20);5 (18:10);0;0;0;0;0
Segovia;Segovia;14.4 (14:30);1.6 (04:30);8;13 (15:10);9 (15:10);0;0;0;0;0
San Rafael;Segovia;16.5 (14:10);0.0 (08:10);8,3;;;0;0;0;0;0
Miguelañez;Segovia;12.8 (16:30);-2.2 (08:30);5,3;18 (07:00);15 (06:40);0;0;0;0;0
La Roda de Andalucía;Sevilla;17.3 (16:30);2.8 (07:30);10;27 (11:00);16 (15:20);0;0;0;0;0
Lora de Estepa;Sevilla;17.2 (17:00);7.9 (06:50);12,6;;;0;0;0;0;0
Écija;Sevilla;18.0 (16:40);3.0 (08:20);10,5;17 (12:40);12 (16:50);0;0;0;0;0
La Puebla de los Infantes;Sevilla;16.2 (16:00);-1.4 (07:10);7,4;18 (12:10);13 (12:30);0;0;0;0;0
Fuentes de Andalucía;Sevilla;16.8 (15:40);5.0 (08:50);10,9;22 (15:30);13 (20:30);0;0;0;0;0
Carmona;Sevilla;17.4 (16:20);5.1 (08:40);11,2;35 (11:40);24 (11:30);0;0;0;0;0
Cazalla de la Sierra;Sevilla;17.0 (15:40);0.4 (07:00);8,7;17 (11:10);10 (11:10);0;0;0;0;0
Guadalcanal;Sevilla;17.7 (16:40);3.8 (09:00);10,8;20 (21:20);17 (21:20);0;0;0;0;0
Almadén de la Plata;Sevilla;15.8 (15:40);4.4 (09:20);10,1;22 (13:20);11 (13:30);0;0;0;0;0
Sevilla Aeropuerto;Sevilla;17.6 (15:50);5.2 (08:40);11,4;32 (13:50);25 (13:50);0;0;0;0;0
Sevilla, Tablada;Sevilla;18.3 (15:00);6.5 (07:30);12,4;21 (15:50);11 (15:10);0;0;0;0;0
Morón de la Frontera;Sevilla;19.8 (16:30);4.6 (07:40);12,2;26 (21:50);14 (00:30);0;0;0;0;0
Carrión de los Céspedes;Sevilla;17.3 (16:20);7.5 (06:00);12,4;32 (09:50);18 (10:50);0;0;0;0;0
Las Cabezas de San Juan;Sevilla;18.4 (16:20);3.6 (07:10);11;15 (13:40);9 (13:40);0;0;0;0;0
Osuna;Sevilla;17.9 (16:00);10.4 (07:50);14,1;34 (05:00);19 (11:40);0;0;0;0;0
Vinuesa, Quintanarejo;Soria;17.1 (14:10);-0.9 (07:30);8,1;;;0;0;0;0;0
La Póveda de Soria, Barriomartín;Soria;15.3 (13:10);2.3 (05:00);8,8;41 (22:00);25 (21:50);0;0;0;0;0
Soria;Soria;19.4 (16:10);-3.3 (06:50);8;10 (16:30);7 (16:40);0;0;0;0;0
Lubia;Soria;16.9 (14:40);-1.5 (07:10);7,7;20 (13:20);13 (13:20);0;0;0;0;0
Morón de Almazán;Soria;14.6 (15:30);-7.2 (08:30);3,7;21 (16:00);14 (15:20);0;0;0;0;0
La Riba de Escalote;Soria;15.2 (15:20);-5.9 (08:40);4,6;21 (15:50);14 (16:00);0;0;0;0;0
Ucero;Soria;14.3 (14:30);-5.3 (09:30);4,5;;;0;0;0;0;0
Burgo de Osma;Soria;14.0 (16:20);-6.5 (07:40);3,8;18 (15:50);14 (15:50);0;0;0;0;0
Liceras;Soria;13.8 (11:30);1.4 (05:50);7,6;17 (14:10);14 (10:50);0;0;0;0;0
Ólvega;Soria;18.4 (12:30);-0.5 (08:20);8,9;19 (02:50);13 (00:10);0;0;0;0;0
San Pedro Manrique;Soria;15.9 (13:50);-4.6 (08:30);5,6;23 (15:30);14 (15:40);0;0;0;0;0
Arcos de Jalón;Soria;16.0 (16:20);-3.1 (07:30);6,5;22 (01:30);18 (01:20);0;0;0;0;0
Almazul;Soria;15.1 (16:00);-3.5 (08:20);5,8;15 (14:30);11 (15:10);0;0;0;0;0
Puntagorda;Santa Cruz de Tenerife;16.2 (11:50);9.4 (02:10);12,8;44 (15:10);31 (15:10);0;0;0;0;0
Tijarafe;Santa Cruz de Tenerife;17.1 (16:40);10.3 (01:30);13,7;39 (22:40);9 (22:40);0;0;0;0;0
El Paso;Santa Cruz de Tenerife;16.4 (12:10);5.6 (05:00);11;26 (15:00);17 (16:20);0;0;0;0;0
Fuencaliente;Santa Cruz de Tenerife;21.3 (15:00);16.4 (04:40);18,8;36 (13:30);27 (13:20);0;0;0;0;0
Tazacorte;Santa Cruz de Tenerife;21.0 (14:40);15.3 (03:30);18,2;33 (14:30);16 (12:50);0;0;0;0;0
La Palma Aeropuerto;Santa Cruz de Tenerife;21.7 (15:50);16.1 (00:10);18,9;39 (16:00);29 (16:40);0;0;0;0;0
San Andrés y Sauces;Santa Cruz de Tenerife;18.8 (11:00);12.8 (02:10);15,8;37 (12:50);22 (11:40);0;0;0;0;0
Vallehermoso, Alto Igualero;Santa Cruz de Tenerife;11.2 (16:10);4.6 (07:10);7,9;51 (10:00);41 (09:20);0,2;0;0,2;0;0
Arure;Santa Cruz de Tenerife;16.2 (15:10);8.4 (00:00);12,3;42 (23:20);27 (23:00);0;0;0;0;0
Agulo;Santa Cruz de Tenerife;18.2 (15:40);10.0 (00:30);14,1;40 (09:20);23 (13:10);0;0;0;0;0
Vallehermoso, Dama;Santa Cruz de Tenerife;21.6 (15:20);13.9 (00:00);17,8;45 (11:50);27 (11:50);0;0;0;0;0
Hermigua;Santa Cruz de Tenerife;20.9 (15:20);10.9 (23:30);15,9;37 (13:40);14 (13:00);0;0;0;0;0
San Sebastián de la Gomera;Santa Cruz de Tenerife;20.7 (14:20);15.6 (00:00);18,2;32 (12:10);18 (11:50);0;0;0;0;0
La Orotava, Cañadas Teide;Santa Cruz de Tenerife;12.2 (15:50);-1.3 (04:30);5,4;28 (16:00);18 (16:10);0;0;0;0;0
Adeje;Santa Cruz de Tenerife;23.2 (14:30);16.1 (05:20);19,7;33 (10:10);15 (22:10);0;0;0;0;0
Arico;Santa Cruz de Tenerife;21.1 (14:50);12.7 (08:30);16,9;31 (13:40);19 (15:10);0;0;0;0;0
Tenerife Sur Aeropuerto;Santa Cruz de Tenerife;23.7 (14:10);14.5 (07:50);19,1;26 (06:40);16 (23:10);0;0;0;0;0
Izaña;Santa Cruz de Tenerife;8.9 (12:10);2.5 (07:00);5,7;44 (19:00);34 (19:00);0;0;0;0;0
Candelaria;Santa Cruz de Tenerife;19.5 (14:10);11.7 (00:40);15,6;40 (13:00);24 (14:50);0;0;0;0;0
Güímar;Santa Cruz de Tenerife;22.9 (14:30);11.8 (23:10);17,3;30 (15:00);25 (15:00);0;0;0;0;0
San Cristóbal de La Laguna,Llano de los Loros;Santa Cruz de Tenerife;17.9 (14:00);8.1 (22:00);13;47 (12:40);29 (12:20);0;0;0;0;0
Tenerife Norte Aeropuerto;Santa Cruz de Tenerife;17.9 (15:00);10.2 (22:20);14;41 (15:30);24 (12:30);;;;;
Sta.Cruz de Tenerife;Santa Cruz de Tenerife;23.1 (15:10);15.7 (23:50);19,4;26 (16:30);14 (16:50);0;0;0;0;0
Anaga;Santa Cruz de Tenerife;22.3 (15:10);14.3 (23:59);18,3;25 (17:10);12 (12:00);0;0;0;0;0
La Victoria de Acentejo;Santa Cruz de Tenerife;18.1 (15:40);8.7 (07:40);13,4;23 (21:10);19 (21:40);0;0;0;0;0
Tacoronte;Santa Cruz de Tenerife;19.5 (15:30);12.6 (04:10);16,1;22 (04:20);15 (04:20);0;0;0;0;0
Puerto de la Cruz;Santa Cruz de Tenerife;21.1 (17:30);15.1 (08:00);18,1;19 (06:20);11 (06:30);0;0;0;0;0
Los Silos;Santa Cruz de Tenerife;21.3 (15:10);13.4 (23:40);17,3;18 (05:40);13 (22:10);0;0;0;0;0
El Pinar, Depósito;Santa Cruz de Tenerife;14.0 (15:20);6.1 (00:00);10;27 (11:10);14 (11:10);0;0;0;0;0
Valverde;Santa Cruz de Tenerife;12.1 (14:50);4.8 (00:30);8,5;42 (10:10);25 (10:00);0;0;0;0;0
Hierro Aeropuerto;Santa Cruz de Tenerife;21.8 (13:30);16.6 (01:40);19,2;37 (11:20);30 (14:10);0;0;0;0;0
Frontera, Sabinosa;Santa Cruz de Tenerife;;;;;;;;;;
Vandellòs;Tarragona;17.7 (12:50);8.6 (23:50);13,2;48 (07:10);22 (05:40);0;0;0;0;0
Alforja;Tarragona;;;;;;;;;;
Reus Aeropuerto;Tarragona;18.8 (15:10);0.2 (08:10);9,5;17 (03:40);14 (19:50);0;0;0;0;0
Valls;Tarragona;16.6 (14:10);3.4 (04:20);10;;;0;0;0;0;0
Tarragona;Tarragona;19.8 (15:20);7.1 (23:50);13,4;;;0;0;0;0;0
Llorac;Tarragona;8.6 (13:40);-3.3 (08:30);2,7;25 (12:50);20 (13:10);0,2;0;0,2;0;0
Horta de Sant Joan;Tarragona;14.4 (13:10);2.4 (06:00);8,4;;;0;0;0;0;0
La Pobla de Massaluca;Tarragona;5.6 (16:40);-1.5 (08:40);2;9 (05:10);5 (05:10);0;0;0;0;0
Cabacés;Tarragona;14.1 (16:10);-0.4 (08:30);6,9;23 (13:10);8 (13:20);0;0;0;0;0
Rasquera;Tarragona;9.6 (15:50);0.3 (05:20);5;24 (12:10);14 (13:10);0;0;0;0;0
Tortosa;Tarragona;14.7 (14:50);5.1 (04:30);9,9;39 (10:50);20 (10:30);0;0;0;0;0
Sant Jaume d'Enveja;Tarragona;14.4 (16:10);5.4 (04:10);9,9;37 (02:20);23 (01:50);0;0;0;0;0
Albarracín;Teruel;15.4 (15:10);-4.2 (07:50);5,6;28 (02:10);14 (02:10);0;0;0;0;0
Teruel;Teruel;15.7 (16:10);-5.3 (08:30);5,2;10 (20:40);6 (03:30);0;0;0;0;0
Jabaloyas;Teruel;14.4 (14:50);5.6 (02:20);10;24 (22:00);17 (23:00);0;0;0;0;0
Cedrillas;Teruel;13.2 (15:00);-4.0 (05:20);4,6;33 (14:30);22 (14:30);0;0;0;0;0
Mosqueruela;Teruel;14.5 (15:00);4.9 (03:20);9,7;42 (12:40);27 (12:00);0;0;0;0;0
Santa Eulalia del Campo;Teruel;15.9 (14:50);-5.9 (06:50);5;16 (18:20);14 (18:00);0;0;0;0;0
Calamocha;Teruel;15.0 (16:50);-5.5 (06:30);4,8;15 (10:10);9 (10:10);0;0;0;0;0
Fonfría;Teruel;13.5 (13:40);4.1 (04:40);8,8;31 (15:00);23 (15:00);0;0;0;0;0
Muniesa;Teruel;15.4 (14:40);1.2 (06:50);8,3;16 (08:00);11 (01:20);0;0;0;0;0
Montalbán;Teruel;16.3 (15:10);-3.4 (06:50);6,4;18 (14:50);8 (14:50);0;0;0;0;0
Hijar;Teruel;4.4 (15:50);-4.0 (08:30);0,2;12 (15:20);8 (15:20);0;0;0;0;0
Andorra;Teruel;14.0 (14:20);2.0 (05:40);8;25 (05:30);23 (08:50);0;0;0;0;0
Castellote;Teruel;15.6 (14:40);1.6 (08:00);8,6;16 (15:20);10 (02:40);0;0;0;0;0
Calanda;Teruel;14.7 (13:10);3.2 (08:20);8,9;31 (23:50);23 (23:50);0;0;0;0;0
Alcañiz;Teruel;8.8 (16:50);-3.3 (08:20);2,8;14 (13:30);10 (13:30);0;0;0;0;0
Valderrobres;Teruel;14.3 (14:50);-3.4 (07:40);5,5;12 (14:30);7 (14:40);0;0;0;0;0
Bello;Teruel;13.9 (15:30);-6.4 (07:00);3,7;18 (07:30);12 (07:30);0;0;0;0;0
Ocaña;Toledo;16.7 (16:10);-1.5 (08:10);7,6;15 (10:00);12 (04:50);0;0;0;0;0
Tembleque;Toledo;16.8 (16:30);-6.7 (08:10);5;;;0;0;0;0;0
Mora;Toledo;19.1 (16:00);-1.4 (08:00);8,9;10 (14:20);6 (23:59);0;0;0;0;0
Toledo;Toledo;14.9 (16:20);-1.8 (08:10);6,5;14 (09:10);11 (10:20);0;0;0;0;0
San Pablo de los Montes;Toledo;16.3 (15:30);4.4 (06:10);10,3;13 (00:10);8 (23:00);0,1;0,1;0;0;0
Navahermosa;Toledo;;;;;;0;0;0;0;0
Castillo de Bayuela;Toledo;15.8 (16:00);2.3 (06:20);9,1;;;0;0;0;0;0
Talavera de la Reina;Toledo;14.2 (16:10);-0.7 (08:10);6,7;;;0;0;0;0;0
Quintanar de la Orden;Toledo;;;;;;;;;;
Madridejos;Toledo;15.0 (14:00);-4.2 (05:50);5,4;21 (20:50);10 (11:10);;;;;
Fontanars dels Alforins;València/Valencia;16.5 (15:20);-3.1 (05:10);6,7;;;0;0;0;0;0
Oliva;València/Valencia;16.1 (13:20);1.7 (04:00);8,9;21 (05:40);12 (05:40);0;0;0;0;0
Miramar;València/Valencia;19.7 (13:30);7.1 (07:30);13,4;;;0;0;0;0;0
Barx;València/Valencia;18.7 (15:00);2.0 (08:30);10,4;15 (21:10);10 (21:10);0;0;0;0;0
Jalance;València/Valencia;14.3 (15:40);-4.8 (08:30);4,8;10 (12:40);4 (12:40);0;0;0;0;0
Zarra;València/Valencia;16.4 (15:40);8.1 (07:20);12,3;;23 (21:00);0;0;0;0;0
Bicorp;València/Valencia;20.2 (15:30);2.5 (06:10);11,4;13 (20:00);6 (14:40);0;0;0;0;0
Ontinyent;València/Valencia;19.5 (14:40);1.9 (03:10);10,7;16 (15:00);7 (14:50);0;0;0;0;0
Xàtiva;València/Valencia;21.0 (14:20);1.6 (07:40);11,3;21 (05:00);13 (02:30);0;0;0;0;0
Carcaixent;València/Valencia;20.9 (15:00);3.5 (08:20);12,2;22 (11:00);14 (04:00);0;0;0;0;0
Utiel;València/Valencia;16.7 (17:20);-2.1 (06:00);7,3;20 (15:20);14 (15:30);0;0;0;0;0
Buñol;València/Valencia;15.7 (14:40);-1.1 (08:00);7,3;27 (15:30);11 (14:50);0;0;0;0;0
Polinyà de Xúquer;València/Valencia;19.3 (14:50);5.6 (05:50);12,4;26 (03:10);12 (03:10);;;;;
Turís;València/Valencia;20.0 (15:00);4.7 (08:00);12,3;;;0;0;0;0;0
Ademuz;València/Valencia;15.2 (16:00);-5.9 (08:40);4,6;;;0;0;0;0;0
Chelva;València/Valencia;19.1 (15:50);1.7 (08:00);10,4;20 (04:40);12 (04:30);0;0;0;0;0
Lliria;València/Valencia;20.3 (15:00);4.0 (06:40);12,1;23 (21:10);14 (08:00);0;0;0;0;0
Valencia Aeropuerto;València/Valencia;20.9 (16:10);1.3 (07:20);11,1;24 (14:10);16 (14:40);0;0;0;0;0
València, Viveros;València/Valencia;20.2 (14:00);5.3 (04:50);12,8;19 (07:40);10 (10:30);0;0;0;0;0
Sagunto;València/Valencia;21.0 (14:40);1.4 (04:00);11,2;;;;;;;
Peñafiel;Valladolid;12.3 (16:10);-5.2 (08:40);3,6;;;0;0;0;0;0
Sardón de Duero;Valladolid;17.2 (17:00);-7.0 (08:30);5,1;8 (16:00);4 (16:00);0;0;0;0;0
Valladolid;Valladolid;10.3 (16:00);-2.9 (08:30);3,7;11 (19:00);8 (19:00);0;0;0;0;0
Olmedo, Depósito de Agua;Valladolid;10.0 (16:20);-4.9 (08:50);2,5;13 (21:30);11 (05:00);0;0;0;0;0
Rueda;Valladolid;;;;;;;;;;
Fuente el Sol;Valladolid;11.9 (16:20);-5.2 (08:10);3,3;11 (07:10);8 (19:20);0,2;0;0;0;0,2
Villalón de Campos;Valladolid;13.1 (15:20);-3.4 (07:40);4,9;10 (00:20);6 (00:10);0;0;0;0;0
Medina de Rioseco;Valladolid;12.5 (15:50);-5.8 (09:10);3,3;14 (01:00);9 (01:00);0;0;0;0;0
Morales del Toro;Zamora;15.5 (16:20);-4.2 (08:20);5,7;15 (03:00);13 (03:00);0;0;0;0;0
Fuentesauco;Zamora;9.9 (16:20);-2.8 (09:10);3,5;11 (14:10);7 (14:10);0;0;0;0;0
Villafáfila;Zamora;14.4 (16:20);-3.5 (08:50);5,4;19 (04:50);15 (05:00);0;0;0;0;0
Zamora;Zamora;13.3 (15:40);-3.4 (09:10);5;10 (03:10);5 (03:10);0;0;0;0;0
Benavente;Zamora;16.7 (16:40);-2.6 (08:20);7,1;20 (02:40);8 (01:50);0;0;0;0;0
Sanabria, Robleda-Cervantes;Zamora;17.5 (15:30);-7.3 (06:10);5,1;14 (15:40);6 (15:40);0;0;0;0;0
Villardeciervos;Zamora;17.0 (15:00);-5.1 (08:10);6;20 (15:10);10 (15:20);0;0;0;0;0
Santibañez de Vidriales;Zamora;17.5 (16:20);-3.6 (08:50);7;12 (14:50);7 (21:20);0;0;0;0;0
Pozuelo de Tabara;Zamora;15.4 (16:20);-2.5 (09:00);6,4;17 (05:00);15 (05:00);0;0;0;0;0
Villadepera;Zamora;13.8 (15:20);-1.4 (08:20);6,2;28 (02:10);21 (02:00);0;0;0;0;0
Peñausende;Zamora;;;;;6 (11:50);0;0;0;0;0
Fresno de Sayago;Zamora;14.6 (17:00);-1.8 (07:10);6,4;38 (09:40);24 (03:50);0;0;0;0;0
Alcañices;Zamora;17.0 (16:10);2.1 (01:00);9,5;25 (02:10);23 (02:50);0;0;0;0;0
Sos del Rey Católico;Zaragoza;12.6 (16:10);-1.1 (09:00);5,8;13 (04:50);9 (04:50);0;0;0;0;0
Tarazona;Zaragoza;16.6 (16:10);-0.2 (08:20);8,2;22 (22:40);14 (22:40);0;0;0;0;0
Ejea de los Caballeros;Zaragoza;9.9 (16:30);-3.1 (08:50);3,4;12 (14:00);7 (14:10);0;0;0;0;0
Castejon de Valdejasa;Zaragoza;10.9 (17:00);1.5 (07:30);6,2;19 (13:30);14 (13:40);0;0;0;0;0
Alhama de Aragon;Zaragoza;13.8 (16:30);-6.2 (07:30);3,8;;;0;0;0;0;0
Daroca;Zaragoza;14.6 (15:10);-5.3 (08:30);4,7;8 (12:40);4 (11:40);0;0;0;0;0
Calatayud;Zaragoza;12.8 (16:40);-4.7 (07:50);4,1;9 (20:00);6 (20:00);0;0;0;0;0
La Almunia de Doña Godina;Zaragoza;16.4 (16:50);-0.5 (08:30);7,9;16 (05:50);9 (05:40);0;0;0;0;0
Zaragoza Aeropuerto;Zaragoza;6.4 (16:20);-2.0 (07:10);2,2;16 (20:40);11 (20:10);0;0;0;0;0
Zaragoza, Valdespartera;Zaragoza;7.1 (16:00);-2.5 (06:50);2,3;20 (05:00);10 (21:40);0;0;0;0;0
Leciñena;Zaragoza;11.4 (15:30);-4.5 (08:30);3,4;10 (13:30);6 (05:50);0;0;0;0;0
Valmadrid;Zaragoza;15.2 (15:30);0.6 (06:10);7,9;22 (14:30);14 (14:30);0;0;0;0;0
Quinto;Zaragoza;1.7 (16:40);-1.6 (00:00);0,1;11 (23:00);8 (23:00);0;0;0;0;0
Caspe;Zaragoza;2.3 (22:40);-0.8 (09:30);0,7;12 (04:50);9 (07:40);0;0;0;0;0